Run,Assay Type,AvgSpotLen,Bases,BioProject,BioSample,Bytes,Center Name,Collection_Date,config,Consent,DATASTORE filetype,DATASTORE provider,DATASTORE region,ENA-FIRST-PUBLIC (run),ENA-FIRST-PUBLIC,ENA-LAST-UPDATE (run),ENA-LAST-UPDATE,environment_(biome),environment_(feature),environment_(material),Experiment,External_Id,geo_loc_name_country,geo_loc_name_country_continent,geographic_location_(country_and/or_sea),geographic_location_(countryand/orsea,region),geographic_location_(latitude),geographic_location_(longitude),human_gut_environmental_package,INSDC_center_alias,INSDC_center_name,INSDC_first_public,INSDC_last_update,INSDC_status,Instrument,Investigation_type,Library Name,LibraryLayout,LibrarySelection,LibrarySource,Organism,Platform,project_name,ReleaseDate,Sample Name,sample_name,sequencing_method,SRA Study,Submitter_Id,common_name
ERR1018185,WGS,190,5782402056,PRJEB10878,SAMEA3541469,5088184451,BGI,2012,case,public,"fastq,sra","s3,ncbi,ena,gs","ena,gs.US,ncbi.public,s3.us-east-1",2015-10-01,2015-10-01,2018-11-16,2018-03-09,human gut,human-associated habitat,faeces,ERX1097252,SAMEA3541469,China,Asia,China,China,55.676097,12.568337,human-gut,BGI,Beijing Genome Institute,2015-10-01T17:02:43Z,2018-03-09T13:31:07Z,public,Illumina HiSeq 2000,metagenome,SZAXPI003409-8,PAIRED,other,METAGENOMIC,human gut metagenome,ILLUMINA,MetaHIT-IGC,2015-10-26T00:00:00Z,SAMEA3541469,SZAXPI003409-8,Illumina,ERP012177,SZAXPI003409-8,
ERR1018186,WGS,187,4958196559,PRJEB10878,SAMEA3541470,4469985152,BGI,2012,case,public,"sra,fastq","gs,ncbi,s3,ena","s3.us-east-1,ncbi.public,ena,gs.US",2015-10-01,2015-10-01,2018-11-16,2016-10-21,human gut,human-associated habitat,faeces,ERX1097253,SAMEA3541470,China,Asia,China,China,55.676097,12.568337,human-gut,BGI,Beijing Genome Institute,2015-10-01T17:02:43Z,2016-10-21T09:36:53Z,public,Illumina HiSeq 2000,metagenome,SZAXPI003410-3,PAIRED,other,METAGENOMIC,human gut metagenome,ILLUMINA,MetaHIT-IGC,2015-10-26T00:00:00Z,SAMEA3541470,SZAXPI003410-3,Illumina,ERP012177,SZAXPI003410-3,SZAXPI003409-8
ERR1018187,WGS,189,5674034861,PRJEB10878,SAMEA3541471,5019710808,BGI,2012,case,public,"fastq,sra","s3,ncbi,gs,ena","gs.US,ena,ncbi.public,s3.us-east-1",2015-10-01,2015-10-01,2018-11-16,2016-10-21,human gut,human-associated habitat,faeces,ERX1097254,SAMEA3541471,China,Asia,China,China,55.676097,12.568337,human-gut,BGI,Beijing Genome Institute,2015-10-01T17:02:40Z,2016-10-21T09:36:43Z,public,Illumina HiSeq 2000,metagenome,SZAXPI003411-6,PAIRED,other,METAGENOMIC,human gut metagenome,ILLUMINA,MetaHIT-IGC,2015-10-26T00:00:00Z,SAMEA3541471,SZAXPI003411-6,Illumina,ERP012177,SZAXPI003411-6,SZAXPI003409-8
ERR1018188,WGS,191,5343486861,PRJEB10878,SAMEA3541472,4702170554,BGI,2012,case,public,"fastq,sra","gs,s3,ncbi,ena","ncbi.public,gs.US,ena,s3.us-east-1",2015-10-01,2015-10-01,2018-11-16,2016-10-21,human gut,human-associated habitat,faeces,ERX1097255,SAMEA3541472,China,Asia,China,China,55.676097,12.568337,human-gut,BGI,Beijing Genome Institute,2015-10-01T17:02:43Z,2016-10-21T09:36:53Z,public,Illumina HiSeq 2000,metagenome,SZAXPI003412-1,PAIRED,other,METAGENOMIC,human gut metagenome,ILLUMINA,MetaHIT-IGC,2015-10-26T00:00:00Z,SAMEA3541472,SZAXPI003412-1,Illumina,ERP012177,SZAXPI003412-1,SZAXPI003409-8
ERR1018189,WGS,189,6090719237,PRJEB10878,SAMEA3541473,5440017629,BGI,2012,case,public,"fastq,sra","gs,ena,ncbi,s3","s3.us-east-1,ena,gs.US,ncbi.public",2015-10-01,2015-10-01,2018-11-16,2016-10-21,human gut,human-associated habitat,faeces,ERX1097256,SAMEA3541473,China,Asia,China,China,55.676097,12.568337,human-gut,BGI,Beijing Genome Institute,2015-10-01T17:02:43Z,2016-10-21T09:36:53Z,public,Illumina HiSeq 2000,metagenome,SZAXPI003413-4,PAIRED,other,METAGENOMIC,human gut metagenome,ILLUMINA,MetaHIT-IGC,2015-10-26T00:00:00Z,SAMEA3541473,SZAXPI003413-4,Illumina,ERP012177,SZAXPI003413-4,SZAXPI003409-8
ERR1018190,WGS,190,4952005733,PRJEB10878,SAMEA3541474,4415046946,BGI,2012,case,public,"fastq,sra","ncbi,ena,s3,gs","ncbi.public,gs.US,s3.us-east-1,ena",2015-10-01,2015-10-01,2018-11-16,2016-10-21,human gut,human-associated habitat,faeces,ERX1097257,SAMEA3541474,China,Asia,China,China,55.676097,12.568337,human-gut,BGI,Beijing Genome Institute,2015-10-01T17:02:43Z,2016-10-21T09:36:53Z,public,Illumina HiSeq 2000,metagenome,SZAXPI003414-3,PAIRED,other,METAGENOMIC,human gut metagenome,ILLUMINA,MetaHIT-IGC,2015-10-26T00:00:00Z,SAMEA3541474,SZAXPI003414-3,Illumina,ERP012177,SZAXPI003414-3,SZAXPI003409-8
ERR1018191,WGS,190,5958738352,PRJEB10878,SAMEA3541475,5266436022,BGI,2012,case,public,"fastq,sra","gs,ena,ncbi,s3","s3.us-east-1,ncbi.public,ena,gs.US",2015-10-01,2015-10-01,2018-11-16,2016-10-21,human gut,human-associated habitat,faeces,ERX1097258,SAMEA3541475,China,Asia,China,China,55.676097,12.568337,human-gut,BGI,Beijing Genome Institute,2015-10-01T17:02:40Z,2016-10-21T09:36:43Z,public,Illumina HiSeq 2000,metagenome,SZAXPI003415-12,PAIRED,other,METAGENOMIC,human gut metagenome,ILLUMINA,MetaHIT-IGC,2015-10-26T00:00:00Z,SAMEA3541475,SZAXPI003415-12,Illumina,ERP012177,SZAXPI003415-12,SZAXPI003409-8
ERR1018192,WGS,187,5634395962,PRJEB10878,SAMEA3541476,5070129318,BGI,2012,case,public,"fastq,sra","gs,ncbi,ena,s3","ncbi.public,gs.US,ena,s3.us-east-1",2015-10-01,2015-10-01,2018-11-16,2016-10-21,human gut,human-associated habitat,faeces,ERX1097259,SAMEA3541476,China,Asia,China,China,55.676097,12.568337,human-gut,BGI,Beijing Genome Institute,2015-10-01T17:02:43Z,2016-10-21T09:36:52Z,public,Illumina HiSeq 2000,metagenome,SZAXPI003416-4,PAIRED,other,METAGENOMIC,human gut metagenome,ILLUMINA,MetaHIT-IGC,2015-10-26T00:00:00Z,SAMEA3541476,SZAXPI003416-4,Illumina,ERP012177,SZAXPI003416-4,SZAXPI003409-8
ERR1018193,WGS,189,5802081901,PRJEB10878,SAMEA3541477,5174551177,BGI,2012,control,public,"sra,fastq","s3,ncbi,gs,ena","gs.US,ncbi.public,ena,s3.us-east-1",2015-10-01,2015-10-01,2018-11-16,2016-10-21,human gut,human-associated habitat,faeces,ERX1097260,SAMEA3541477,China,Asia,China,China,55.676097,12.568337,human-gut,BGI,Beijing Genome Institute,2015-10-01T17:02:43Z,2016-10-21T09:36:53Z,public,Illumina HiSeq 2000,metagenome,SZAXPI003417-4,PAIRED,other,METAGENOMIC,human gut metagenome,ILLUMINA,MetaHIT-IGC,2015-10-26T00:00:00Z,SAMEA3541477,SZAXPI003417-4,Illumina,ERP012177,SZAXPI003417-4,SZAXPI003409-8
ERR1018194,WGS,190,5848388244,PRJEB10878,SAMEA3541478,5191000143,BGI,2012,case,public,"fastq,sra","ena,gs,s3,ncbi","s3.us-east-1,gs.US,ena,ncbi.public",2015-10-01,2015-10-01,2018-11-16,2016-10-21,human gut,human-associated habitat,faeces,ERX1097261,SAMEA3541478,China,Asia,China,China,55.676097,12.568337,human-gut,BGI,Beijing Genome Institute,2015-10-01T17:02:43Z,2016-10-21T09:36:52Z,public,Illumina HiSeq 2000,metagenome,SZAXPI003418-8,PAIRED,other,METAGENOMIC,human gut metagenome,ILLUMINA,MetaHIT-IGC,2015-10-26T00:00:00Z,SAMEA3541478,SZAXPI003418-8,Illumina,ERP012177,SZAXPI003418-8,SZAXPI003409-8
ERR1018195,WGS,191,6128118370,PRJEB10878,SAMEA3541479,5412163226,BGI,2012,control,public,"fastq,sra","ena,ncbi,s3,gs","ncbi.public,ena,s3.us-east-1,gs.US",2015-10-01,2015-10-01,2018-11-16,2016-10-21,human gut,human-associated habitat,faeces,ERX1097262,SAMEA3541479,China,Asia,China,China,55.676097,12.568337,human-gut,BGI,Beijing Genome Institute,2015-10-01T17:02:43Z,2016-10-21T09:36:53Z,public,Illumina HiSeq 2000,metagenome,SZAXPI003419-6,PAIRED,other,METAGENOMIC,human gut metagenome,ILLUMINA,MetaHIT-IGC,2015-10-26T00:00:00Z,SAMEA3541479,SZAXPI003419-6,Illumina,ERP012177,SZAXPI003419-6,SZAXPI003409-8
ERR1018196,WGS,190,6312390149,PRJEB10878,SAMEA3541480,5586177573,BGI,2012,case,public,"fastq,sra","ncbi,ena,gs,s3","gs.US,s3.us-east-1,ncbi.public,ena",2015-10-01,2015-10-01,2018-11-16,2016-10-21,human gut,human-associated habitat,faeces,ERX1097263,SAMEA3541480,China,Asia,China,China,55.676097,12.568337,human-gut,BGI,Beijing Genome Institute,2015-10-01T17:02:43Z,2016-10-21T09:36:53Z,public,Illumina HiSeq 2000,metagenome,SZAXPI003420-4,PAIRED,other,METAGENOMIC,human gut metagenome,ILLUMINA,MetaHIT-IGC,2015-10-26T00:00:00Z,SAMEA3541480,SZAXPI003420-4,Illumina,ERP012177,SZAXPI003420-4,SZAXPI003409-8
ERR1018197,WGS,191,5750793357,PRJEB10878,SAMEA3541481,5029725264,BGI,2012,case,public,"fastq,sra","ena,gs,s3,ncbi","s3.us-east-1,ncbi.public,ena,gs.US",2015-10-01,2015-10-01,2018-11-16,2016-10-21,human gut,human-associated habitat,faeces,ERX1097264,SAMEA3541481,China,Asia,China,China,55.676097,12.568337,human-gut,BGI,Beijing Genome Institute,2015-10-01T17:02:43Z,2016-10-21T09:36:53Z,public,Illumina HiSeq 2000,metagenome,SZAXPI003421-5,PAIRED,other,METAGENOMIC,human gut metagenome,ILLUMINA,MetaHIT-IGC,2015-10-26T00:00:00Z,SAMEA3541481,SZAXPI003421-5,Illumina,ERP012177,SZAXPI003421-5,SZAXPI003409-8
ERR1018198,WGS,187,5366059753,PRJEB10878,SAMEA3541482,4830826840,BGI,2012,case,public,"sra,fastq","gs,s3,ncbi,ena","ena,ncbi.public,gs.US,s3.us-east-1",2015-10-01,2015-10-01,2018-11-16,2016-10-21,human gut,human-associated habitat,faeces,ERX1097265,SAMEA3541482,China,Asia,China,China,55.676097,12.568337,human-gut,BGI,Beijing Genome Institute,2015-10-01T17:02:43Z,2016-10-21T09:36:53Z,public,Illumina HiSeq 2000,metagenome,SZAXPI003422-11,PAIRED,other,METAGENOMIC,human gut metagenome,ILLUMINA,MetaHIT-IGC,2015-10-26T00:00:00Z,SAMEA3541482,SZAXPI003422-11,Illumina,ERP012177,SZAXPI003422-11,SZAXPI003409-8
ERR1018199,WGS,190,2820598675,PRJEB10878,SAMEA3541483,2501410176,BGI,2012,case,public,"sra,fastq","ncbi,gs,ena,s3","s3.us-east-1,gs.US,ncbi.public,ena",2015-10-01,2015-10-01,2018-11-16,2016-10-21,human gut,human-associated habitat,faeces,ERX1097266,SAMEA3541483,China,Asia,China,China,55.676097,12.568337,human-gut,BGI,Beijing Genome Institute,2015-10-01T17:02:43Z,2016-10-21T09:36:53Z,public,Illumina HiSeq 2000,metagenome,SZAXPI003423-8,PAIRED,other,METAGENOMIC,human gut metagenome,ILLUMINA,MetaHIT-IGC,2015-10-26T00:00:00Z,SAMEA3541483,SZAXPI003423-8,Illumina,ERP012177,SZAXPI003423-8,SZAXPI003409-8
ERR1018200,WGS,191,5593003062,PRJEB10878,SAMEA3541484,4903940729,BGI,2012,case,public,"sra,fastq","s3,ncbi,gs,ena","ncbi.public,ena,gs.US,s3.us-east-1",2015-10-01,2015-10-01,2018-11-16,2016-10-21,human gut,human-associated habitat,faeces,ERX1097267,SAMEA3541484,China,Asia,China,China,55.676097,12.568337,human-gut,BGI,Beijing Genome Institute,2015-10-01T17:02:43Z,2016-10-21T09:36:53Z,public,Illumina HiSeq 2000,metagenome,SZAXPI003424-12,PAIRED,other,METAGENOMIC,human gut metagenome,ILLUMINA,MetaHIT-IGC,2015-10-26T00:00:00Z,SAMEA3541484,SZAXPI003424-12,Illumina,ERP012177,SZAXPI003424-12,SZAXPI003409-8
ERR1018201,WGS,189,5352993848,PRJEB10878,SAMEA3541485,4797703862,BGI,2012,case,public,"fastq,sra","gs,s3,ncbi,ena","ncbi.public,s3.us-east-1,ena,gs.US",2015-10-01,2015-10-01,2018-11-16,2016-10-21,human gut,human-associated habitat,faeces,ERX1097268,SAMEA3541485,China,Asia,China,China,55.676097,12.568337,human-gut,BGI,Beijing Genome Institute,2015-10-01T17:02:43Z,2016-10-21T09:36:53Z,public,Illumina HiSeq 2000,metagenome,SZAXPI003425-1,PAIRED,other,METAGENOMIC,human gut metagenome,ILLUMINA,MetaHIT-IGC,2015-10-26T00:00:00Z,SAMEA3541485,SZAXPI003425-1,Illumina,ERP012177,SZAXPI003425-1,SZAXPI003409-8
ERR1018202,WGS,190,4898058708,PRJEB10878,SAMEA3541486,4320778038,BGI,2012,case,public,"sra,fastq","gs,ena,ncbi,s3","gs.US,ena,s3.us-east-1,ncbi.public",2015-10-01,2015-10-01,2018-11-16,2016-10-21,human gut,human-associated habitat,faeces,ERX1097269,SAMEA3541486,China,Asia,China,China,55.676097,12.568337,human-gut,BGI,Beijing Genome Institute,2015-10-01T17:02:43Z,2016-10-21T09:36:53Z,public,Illumina HiSeq 2000,metagenome,SZAXPI003426-11,PAIRED,other,METAGENOMIC,human gut metagenome,ILLUMINA,MetaHIT-IGC,2015-10-26T00:00:00Z,SAMEA3541486,SZAXPI003426-11,Illumina,ERP012177,SZAXPI003426-11,SZAXPI003409-8
ERR1018203,WGS,190,5167203436,PRJEB10878,SAMEA3541487,4563364038,BGI,2012,case,public,"sra,fastq","s3,ncbi,gs,ena","gs.US,ncbi.public,ena,s3.us-east-1",2015-10-01,2015-10-01,2018-11-16,2016-10-21,human gut,human-associated habitat,faeces,ERX1097270,SAMEA3541487,China,Asia,China,China,55.676097,12.568337,human-gut,BGI,Beijing Genome Institute,2015-10-01T17:02:43Z,2016-10-21T09:36:53Z,public,Illumina HiSeq 2000,metagenome,SZAXPI003427-1,PAIRED,other,METAGENOMIC,human gut metagenome,ILLUMINA,MetaHIT-IGC,2015-10-26T00:00:00Z,SAMEA3541487,SZAXPI003427-1,Illumina,ERP012177,SZAXPI003427-1,SZAXPI003409-8
ERR1018204,WGS,185,5260734071,PRJEB10878,SAMEA3541488,4796804074,BGI,2012,case,public,"sra,fastq","ena,gs,ncbi,s3","ena,gs.US,ncbi.public,s3.us-east-1",2015-10-01,2015-10-01,2018-11-16,2016-10-21,human gut,human-associated habitat,faeces,ERX1097271,SAMEA3541488,China,Asia,China,China,55.676097,12.568337,human-gut,BGI,Beijing Genome Institute,2015-10-01T17:02:43Z,2016-10-21T09:36:53Z,public,Illumina HiSeq 2000,metagenome,SZAXPI003428-6,PAIRED,other,METAGENOMIC,human gut metagenome,ILLUMINA,MetaHIT-IGC,2015-10-26T00:00:00Z,SAMEA3541488,SZAXPI003428-6,Illumina,ERP012177,SZAXPI003428-6,SZAXPI003409-8
ERR1018205,WGS,190,5434611996,PRJEB10878,SAMEA3541489,4820557285,BGI,2012,control,public,"fastq,sra","s3,ena,gs,ncbi","ncbi.public,s3.us-east-1,gs.US,ena",2015-10-01,2015-10-01,2018-11-16,2016-10-21,human gut,human-associated habitat,faeces,ERX1097272,SAMEA3541489,China,Asia,China,China,55.676097,12.568337,human-gut,BGI,Beijing Genome Institute,2015-10-01T17:02:43Z,2016-10-21T09:36:53Z,public,Illumina HiSeq 2000,metagenome,SZAXPI003429-3,PAIRED,other,METAGENOMIC,human gut metagenome,ILLUMINA,MetaHIT-IGC,2015-10-26T00:00:00Z,SAMEA3541489,SZAXPI003429-3,Illumina,ERP012177,SZAXPI003429-3,SZAXPI003409-8
ERR1018206,WGS,191,5963691551,PRJEB10878,SAMEA3541490,5266884185,BGI,2012,case,public,"fastq,sra","ncbi,gs,ena,s3","ncbi.public,gs.US,ena,s3.us-east-1",2015-10-01,2015-10-01,2018-11-16,2016-10-21,human gut,human-associated habitat,faeces,ERX1097273,SAMEA3541490,China,Asia,China,China,55.676097,12.568337,human-gut,BGI,Beijing Genome Institute,2015-10-01T17:02:43Z,2016-10-21T09:36:53Z,public,Illumina HiSeq 2000,metagenome,SZAXPI003430-5,PAIRED,other,METAGENOMIC,human gut metagenome,ILLUMINA,MetaHIT-IGC,2015-10-26T00:00:00Z,SAMEA3541490,SZAXPI003430-5,Illumina,ERP012177,SZAXPI003430-5,SZAXPI003409-8
ERR1018207,WGS,189,4319033464,PRJEB10878,SAMEA3541491,3852093939,BGI,2012,case,public,"sra,fastq","gs,ncbi,s3,ena","ncbi.public,gs.US,ena,s3.us-east-1",2015-10-01,2015-10-01,2018-11-16,2016-10-21,human gut,human-associated habitat,faeces,ERX1097274,SAMEA3541491,China,Asia,China,China,55.676097,12.568337,human-gut,BGI,Beijing Genome Institute,2015-10-01T17:02:43Z,2016-10-21T09:36:53Z,public,Illumina HiSeq 2000,metagenome,SZAXPI003431-1,PAIRED,other,METAGENOMIC,human gut metagenome,ILLUMINA,MetaHIT-IGC,2015-10-26T00:00:00Z,SAMEA3541491,SZAXPI003431-1,Illumina,ERP012177,SZAXPI003431-1,SZAXPI003409-8
ERR1018208,WGS,185,5458804627,PRJEB10878,SAMEA3541492,4956283915,BGI,2012,case,public,"fastq,sra","ena,gs,ncbi,s3","ena,ncbi.public,s3.us-east-1,gs.US",2015-10-01,2015-10-01,2018-11-16,2016-10-21,human gut,human-associated habitat,faeces,ERX1097275,SAMEA3541492,China,Asia,China,China,55.676097,12.568337,human-gut,BGI,Beijing Genome Institute,2015-10-01T17:02:43Z,2016-10-21T09:36:53Z,public,Illumina HiSeq 2000,metagenome,SZAXPI003432-12,PAIRED,other,METAGENOMIC,human gut metagenome,ILLUMINA,MetaHIT-IGC,2015-10-26T00:00:00Z,SAMEA3541492,SZAXPI003432-12,Illumina,ERP012177,SZAXPI003432-12,SZAXPI003409-8
ERR1018209,WGS,192,5409995654,PRJEB10878,SAMEA3541493,4715614206,BGI,2012,control,public,"sra,fastq","gs,s3,ena,ncbi","s3.us-east-1,ena,ncbi.public,gs.US",2015-10-01,2015-10-01,2018-11-16,2016-10-21,human gut,human-associated habitat,faeces,ERX1097276,SAMEA3541493,China,Asia,China,China,55.676097,12.568337,human-gut,BGI,Beijing Genome Institute,2015-10-01T17:02:43Z,2016-10-21T09:36:53Z,public,Illumina HiSeq 2000,metagenome,SZAXPI003433-7,PAIRED,other,METAGENOMIC,human gut metagenome,ILLUMINA,MetaHIT-IGC,2015-10-26T00:00:00Z,SAMEA3541493,SZAXPI003433-7,Illumina,ERP012177,SZAXPI003433-7,SZAXPI003409-8
ERR1018210,WGS,188,5746098424,PRJEB10878,SAMEA3541494,5164501038,BGI,2012,case,public,"fastq,sra","ena,gs,s3,ncbi","ena,s3.us-east-1,ncbi.public,gs.US",2015-10-01,2015-10-01,2018-11-16,2016-10-21,human gut,human-associated habitat,faeces,ERX1097277,SAMEA3541494,China,Asia,China,China,55.676097,12.568337,human-gut,BGI,Beijing Genome Institute,2015-10-01T17:02:43Z,2016-10-21T09:36:53Z,public,Illumina HiSeq 2000,metagenome,SZAXPI003434-7,PAIRED,other,METAGENOMIC,human gut metagenome,ILLUMINA,MetaHIT-IGC,2015-10-26T00:00:00Z,SAMEA3541494,SZAXPI003434-7,Illumina,ERP012177,SZAXPI003434-7,SZAXPI003409-8
ERR1018211,WGS,189,5870370380,PRJEB10878,SAMEA3541495,5222793856,BGI,2012,case,public,"sra,fastq","ncbi,s3,gs,ena","ena,s3.us-east-1,ncbi.public,gs.US",2015-10-01,2015-10-01,2018-11-16,2016-10-21,human gut,human-associated habitat,faeces,ERX1097278,SAMEA3541495,China,Asia,China,China,55.676097,12.568337,human-gut,BGI,Beijing Genome Institute,2015-10-01T17:02:43Z,2016-10-21T09:36:53Z,public,Illumina HiSeq 2000,metagenome,SZAXPI003435-11,PAIRED,other,METAGENOMIC,human gut metagenome,ILLUMINA,MetaHIT-IGC,2015-10-26T00:00:00Z,SAMEA3541495,SZAXPI003435-11,Illumina,ERP012177,SZAXPI003435-11,SZAXPI003409-8
ERR1018212,WGS,188,5620259779,PRJEB10878,SAMEA3541496,5006665176,BGI,2012,case,public,"sra,fastq","ncbi,gs,ena,s3","s3.us-east-1,ena,gs.US,ncbi.public",2015-10-01,2015-10-01,2018-11-16,2016-10-21,human gut,human-associated habitat,faeces,ERX1097279,SAMEA3541496,China,Asia,China,China,55.676097,12.568337,human-gut,BGI,Beijing Genome Institute,2015-10-01T17:02:43Z,2016-10-21T09:36:53Z,public,Illumina HiSeq 2000,metagenome,SZAXPI003436-7,PAIRED,other,METAGENOMIC,human gut metagenome,ILLUMINA,MetaHIT-IGC,2015-10-26T00:00:00Z,SAMEA3541496,SZAXPI003436-7,Illumina,ERP012177,SZAXPI003436-7,SZAXPI003409-8
ERR1018213,WGS,190,5477743161,PRJEB10878,SAMEA3541497,4889899753,BGI,2012,case,public,"fastq,sra","ena,gs,ncbi,s3","ncbi.public,gs.US,ena,s3.us-east-1",2015-10-01,2015-10-01,2018-11-16,2016-10-21,human gut,human-associated habitat,faeces,ERX1097280,SAMEA3541497,China,Asia,China,China,55.676097,12.568337,human-gut,BGI,Beijing Genome Institute,2015-10-01T17:02:43Z,2016-10-21T09:36:53Z,public,Illumina HiSeq 2000,metagenome,SZAXPI003437-3,PAIRED,other,METAGENOMIC,human gut metagenome,ILLUMINA,MetaHIT-IGC,2015-10-26T00:00:00Z,SAMEA3541497,SZAXPI003437-3,Illumina,ERP012177,SZAXPI003437-3,SZAXPI003409-8
ERR1018214,WGS,188,5867266433,PRJEB10878,SAMEA3541498,4991019969,BGI,2012,case,public,"fastq,sra","ncbi,ena,gs,s3","ncbi.public,ena,s3.us-east-1,gs.US",2015-10-01,2015-10-01,2018-11-16,2016-10-21,human gut,human-associated habitat,faeces,ERX1097281,SAMEA3541498,China,Asia,China,China,55.676097,12.568337,human-gut,BGI,Beijing Genome Institute,2015-10-01T17:02:43Z,2016-10-21T09:36:53Z,public,Illumina HiSeq 2000,metagenome,SZAXPI015209-133,PAIRED,other,METAGENOMIC,human gut metagenome,ILLUMINA,MetaHIT-IGC,2015-10-26T00:00:00Z,SAMEA3541498,SZAXPI015209-133,Illumina,ERP012177,SZAXPI015209-133,SZAXPI003409-8
ERR1018215,WGS,189,6779395176,PRJEB10878,SAMEA3541499,5648334540,BGI,2012,case,public,"fastq,sra","ena,s3,ncbi,gs","ena,s3.us-east-1,ncbi.public,gs.US",2015-10-01,2015-10-01,2018-11-16,2016-10-21,human gut,human-associated habitat,faeces,ERX1097282,SAMEA3541499,China,Asia,China,China,55.676097,12.568337,human-gut,BGI,Beijing Genome Institute,2015-10-01T17:02:43Z,2016-10-21T09:36:53Z,public,Illumina HiSeq 2000,metagenome,SZAXPI015210-17,PAIRED,other,METAGENOMIC,human gut metagenome,ILLUMINA,MetaHIT-IGC,2015-10-26T00:00:00Z,SAMEA3541499,SZAXPI015210-17,Illumina,ERP012177,SZAXPI015210-17,SZAXPI003409-8
ERR1018216,WGS,183,4324269958,PRJEB10878,SAMEA3541500,3750968285,BGI,2012,case,public,"fastq,sra","gs,ncbi,ena,s3","s3.us-east-1,ncbi.public,ena,gs.US",2015-10-01,2015-10-01,2018-11-16,2016-10-21,human gut,human-associated habitat,faeces,ERX1097283,SAMEA3541500,China,Asia,China,China,55.676097,12.568337,human-gut,BGI,Beijing Genome Institute,2015-10-01T17:02:43Z,2016-10-21T09:36:53Z,public,Illumina HiSeq 2000,metagenome,SZAXPI015211-166,PAIRED,other,METAGENOMIC,human gut metagenome,ILLUMINA,MetaHIT-IGC,2015-10-26T00:00:00Z,SAMEA3541500,SZAXPI015211-166,Illumina,ERP012177,SZAXPI015211-166,SZAXPI003409-8
ERR1018217,WGS,188,5953975242,PRJEB10878,SAMEA3541501,5028936046,BGI,2012,control,public,"fastq,sra","gs,s3,ena,ncbi","ena,gs.US,ncbi.public,s3.us-east-1",2015-10-01,2015-10-01,2018-11-16,2016-10-21,human gut,human-associated habitat,faeces,ERX1097284,SAMEA3541501,China,Asia,China,China,55.676097,12.568337,human-gut,BGI,Beijing Genome Institute,2015-10-01T17:02:43Z,2016-10-21T09:36:53Z,public,Illumina HiSeq 2000,metagenome,SZAXPI015212-113,PAIRED,other,METAGENOMIC,human gut metagenome,ILLUMINA,MetaHIT-IGC,2015-10-26T00:00:00Z,SAMEA3541501,SZAXPI015212-113,Illumina,ERP012177,SZAXPI015212-113,SZAXPI003409-8
ERR1018218,WGS,196,6116520802,PRJEB10878,SAMEA3541502,4743679254,BGI,2012,case,public,"fastq,sra","ena,ncbi,gs","gs.US,ena,ncbi.public",2015-10-01,2015-10-01,2018-11-16,2016-10-21,human gut,human-associated habitat,faeces,ERX1097285,SAMEA3541502,China,Asia,China,China,55.676097,12.568337,human-gut,BGI,Beijing Genome Institute,2015-10-01T17:02:43Z,2016-10-21T09:36:53Z,public,Illumina HiSeq 2000,metagenome,SZAXPI015213-15,PAIRED,other,METAGENOMIC,human gut metagenome,ILLUMINA,MetaHIT-IGC,2015-10-26T00:00:00Z,SAMEA3541502,SZAXPI015213-15,Illumina,ERP012177,SZAXPI015213-15,SZAXPI003409-8
ERR1018219,WGS,195,7071081405,PRJEB10878,SAMEA3541503,5671672960,BGI,2012,case,public,"fastq,sra","ena,ncbi,s3,gs","ena,s3.us-east-1,gs.US,ncbi.public",2015-10-01,2015-10-01,2018-11-16,2016-10-21,human gut,human-associated habitat,faeces,ERX1097286,SAMEA3541503,China,Asia,China,China,55.676097,12.568337,human-gut,BGI,Beijing Genome Institute,2015-10-01T17:02:43Z,2016-10-21T09:36:53Z,public,Illumina HiSeq 2000,metagenome,SZAXPI015214-19,PAIRED,other,METAGENOMIC,human gut metagenome,ILLUMINA,MetaHIT-IGC,2015-10-26T00:00:00Z,SAMEA3541503,SZAXPI015214-19,Illumina,ERP012177,SZAXPI015214-19,SZAXPI003409-8
ERR1018220,WGS,195,6648869146,PRJEB10878,SAMEA3541504,5327228848,BGI,2012,case,public,"fastq,sra","s3,ncbi,ena,gs","s3.us-east-1,ena,gs.US,ncbi.public",2015-10-01,2015-10-01,2018-11-16,2016-10-21,human gut,human-associated habitat,faeces,ERX1097287,SAMEA3541504,China,Asia,China,China,55.676097,12.568337,human-gut,BGI,Beijing Genome Institute,2015-10-01T17:02:43Z,2016-10-21T09:36:53Z,public,Illumina HiSeq 2000,metagenome,SZAXPI015215-20,PAIRED,other,METAGENOMIC,human gut metagenome,ILLUMINA,MetaHIT-IGC,2015-10-26T00:00:00Z,SAMEA3541504,SZAXPI015215-20,Illumina,ERP012177,SZAXPI015215-20,SZAXPI003409-8
ERR1018221,WGS,182,5583533631,PRJEB10878,SAMEA3541505,4868270193,BGI,2012,case,public,"sra,fastq","gs,ncbi,ena,s3","gs.US,ncbi.public,ena,s3.us-east-1",2015-10-01,2015-10-01,2018-11-16,2016-10-21,human gut,human-associated habitat,faeces,ERX1097288,SAMEA3541505,China,Asia,China,China,55.676097,12.568337,human-gut,BGI,Beijing Genome Institute,2015-10-01T17:02:43Z,2016-10-21T09:36:53Z,public,Illumina HiSeq 2000,metagenome,SZAXPI015216-169,PAIRED,other,METAGENOMIC,human gut metagenome,ILLUMINA,MetaHIT-IGC,2015-10-26T00:00:00Z,SAMEA3541505,SZAXPI015216-169,Illumina,ERP012177,SZAXPI015216-169,SZAXPI003409-8
ERR1018222,WGS,192,5490157283,PRJEB10878,SAMEA3541506,4514885381,BGI,2012,case,public,"fastq,sra","ena,ncbi,gs,s3","s3.us-east-1,gs.US,ena,ncbi.public",2015-10-01,2015-10-01,2018-11-16,2016-10-21,human gut,human-associated habitat,faeces,ERX1097289,SAMEA3541506,China,Asia,China,China,55.676097,12.568337,human-gut,BGI,Beijing Genome Institute,2015-10-01T17:02:43Z,2016-10-21T09:36:54Z,public,Illumina HiSeq 2000,metagenome,SZAXPI015217-140,PAIRED,other,METAGENOMIC,human gut metagenome,ILLUMINA,MetaHIT-IGC,2015-10-26T00:00:00Z,SAMEA3541506,SZAXPI015217-140,Illumina,ERP012177,SZAXPI015217-140,SZAXPI003409-8
ERR1018223,WGS,195,6005812224,PRJEB10878,SAMEA3541507,4655744666,BGI,2012,case,public,"sra,fastq","s3,gs,ena,ncbi","s3.us-east-1,ena,gs.US,ncbi.public",2015-10-01,2015-10-01,2018-11-16,2016-10-21,human gut,human-associated habitat,faeces,ERX1097290,SAMEA3541507,China,Asia,China,China,55.676097,12.568337,human-gut,BGI,Beijing Genome Institute,2015-10-01T17:02:43Z,2016-10-21T09:36:54Z,public,Illumina HiSeq 2000,metagenome,SZAXPI015218-16,PAIRED,other,METAGENOMIC,human gut metagenome,ILLUMINA,MetaHIT-IGC,2015-10-26T00:00:00Z,SAMEA3541507,SZAXPI015218-16,Illumina,ERP012177,SZAXPI015218-16,SZAXPI003409-8
ERR1018224,WGS,190,4798011366,PRJEB10878,SAMEA3541508,3978589833,BGI,2012,case,public,"fastq,sra","gs,ncbi,ena,s3","ena,ncbi.public,gs.US,s3.us-east-1",2015-10-01,2015-10-01,2018-11-16,2016-10-21,human gut,human-associated habitat,faeces,ERX1097291,SAMEA3541508,China,Asia,China,China,55.676097,12.568337,human-gut,BGI,Beijing Genome Institute,2015-10-01T17:02:43Z,2016-10-21T09:36:53Z,public,Illumina HiSeq 2000,metagenome,SZAXPI015219-129,PAIRED,other,METAGENOMIC,human gut metagenome,ILLUMINA,MetaHIT-IGC,2015-10-26T00:00:00Z,SAMEA3541508,SZAXPI015219-129,Illumina,ERP012177,SZAXPI015219-129,SZAXPI003409-8
ERR1018225,WGS,195,4215741721,PRJEB10878,SAMEA3541509,3361315764,BGI,2012,case,public,"sra,fastq","s3,ncbi,gs,ena","ena,ncbi.public,gs.US,s3.us-east-1",2015-10-01,2015-10-01,2018-11-16,2016-10-21,human gut,human-associated habitat,faeces,ERX1097292,SAMEA3541509,China,Asia,China,China,55.676097,12.568337,human-gut,BGI,Beijing Genome Institute,2015-10-01T17:02:43Z,2016-10-21T09:36:53Z,public,Illumina HiSeq 2000,metagenome,SZAXPI015220-136,PAIRED,other,METAGENOMIC,human gut metagenome,ILLUMINA,MetaHIT-IGC,2015-10-26T00:00:00Z,SAMEA3541509,SZAXPI015220-136,Illumina,ERP012177,SZAXPI015220-136,SZAXPI003409-8
ERR1018226,WGS,194,6659496745,PRJEB10878,SAMEA3541510,5385853972,BGI,2012,case,public,"sra,fastq","ncbi,s3,gs,ena","gs.US,ncbi.public,ena,s3.us-east-1",2015-10-01,2015-10-01,2018-11-16,2016-10-21,human gut,human-associated habitat,faeces,ERX1097293,SAMEA3541510,China,Asia,China,China,55.676097,12.568337,human-gut,BGI,Beijing Genome Institute,2015-10-01T17:02:43Z,2016-10-21T09:36:54Z,public,Illumina HiSeq 2000,metagenome,SZAXPI015221-142,PAIRED,other,METAGENOMIC,human gut metagenome,ILLUMINA,MetaHIT-IGC,2015-10-26T00:00:00Z,SAMEA3541510,SZAXPI015221-142,Illumina,ERP012177,SZAXPI015221-142,SZAXPI003409-8
ERR1018227,WGS,195,7063847425,PRJEB10878,SAMEA3541511,5602250973,BGI,2012,case,public,"sra,fastq","s3,ena,gs,ncbi","ncbi.public,gs.US,ena,s3.us-east-1",2015-10-01,2015-10-01,2018-11-16,2016-10-21,human gut,human-associated habitat,faeces,ERX1097294,SAMEA3541511,China,Asia,China,China,55.676097,12.568337,human-gut,BGI,Beijing Genome Institute,2015-10-01T17:02:43Z,2016-10-21T09:36:53Z,public,Illumina HiSeq 2000,metagenome,SZAXPI015222-123,PAIRED,other,METAGENOMIC,human gut metagenome,ILLUMINA,MetaHIT-IGC,2015-10-26T00:00:00Z,SAMEA3541511,SZAXPI015222-123,Illumina,ERP012177,SZAXPI015222-123,SZAXPI003409-8
ERR1018228,WGS,194,6074413096,PRJEB10878,SAMEA3541512,4887608798,BGI,2012,case,public,"fastq,sra","s3,ncbi,gs,ena","s3.us-east-1,ncbi.public,gs.US,ena",2015-10-01,2015-10-01,2018-11-16,2016-10-21,human gut,human-associated habitat,faeces,ERX1097295,SAMEA3541512,China,Asia,China,China,55.676097,12.568337,human-gut,BGI,Beijing Genome Institute,2015-10-01T17:02:43Z,2016-10-21T09:36:54Z,public,Illumina HiSeq 2000,metagenome,SZAXPI015223-158,PAIRED,other,METAGENOMIC,human gut metagenome,ILLUMINA,MetaHIT-IGC,2015-10-26T00:00:00Z,SAMEA3541512,SZAXPI015223-158,Illumina,ERP012177,SZAXPI015223-158,SZAXPI003409-8
ERR1018229,WGS,184,5388058294,PRJEB10878,SAMEA3541513,4664324631,BGI,2012,case,public,"fastq,sra","gs,ena,ncbi,s3","s3.us-east-1,ncbi.public,gs.US,ena",2015-10-01,2015-10-01,2018-11-16,2016-10-21,human gut,human-associated habitat,faeces,ERX1097296,SAMEA3541513,China,Asia,China,China,55.676097,12.568337,human-gut,BGI,Beijing Genome Institute,2015-10-01T17:02:43Z,2016-10-21T09:36:53Z,public,Illumina HiSeq 2000,metagenome,SZAXPI015224-13,PAIRED,other,METAGENOMIC,human gut metagenome,ILLUMINA,MetaHIT-IGC,2015-10-26T00:00:00Z,SAMEA3541513,SZAXPI015224-13,Illumina,ERP012177,SZAXPI015224-13,SZAXPI003409-8
ERR1018230,WGS,193,5805169579,PRJEB10878,SAMEA3541514,4672089991,BGI,2012,case,public,"sra,fastq","gs,ena,s3,ncbi","s3.us-east-1,ncbi.public,gs.US,ena",2015-10-01,2015-10-01,2018-11-16,2016-10-21,human gut,human-associated habitat,faeces,ERX1097297,SAMEA3541514,China,Asia,China,China,55.676097,12.568337,human-gut,BGI,Beijing Genome Institute,2015-10-01T17:02:43Z,2016-10-21T09:36:54Z,public,Illumina HiSeq 2000,metagenome,SZAXPI015225-18,PAIRED,other,METAGENOMIC,human gut metagenome,ILLUMINA,MetaHIT-IGC,2015-10-26T00:00:00Z,SAMEA3541514,SZAXPI015225-18,Illumina,ERP012177,SZAXPI015225-18,SZAXPI003409-8
ERR1018231,WGS,196,5270117008,PRJEB10878,SAMEA3541515,4074986413,BGI,2012,case,public,"fastq,sra","gs,s3,ncbi,ena","ena,gs.US,ncbi.public,s3.us-east-1",2015-10-01,2015-10-01,2018-11-16,2016-10-21,human gut,human-associated habitat,faeces,ERX1097298,SAMEA3541515,China,Asia,China,China,55.676097,12.568337,human-gut,BGI,Beijing Genome Institute,2015-10-01T17:02:43Z,2016-10-21T09:36:53Z,public,Illumina HiSeq 2000,metagenome,SZAXPI015226-14,PAIRED,other,METAGENOMIC,human gut metagenome,ILLUMINA,MetaHIT-IGC,2015-10-26T00:00:00Z,SAMEA3541515,SZAXPI015226-14,Illumina,ERP012177,SZAXPI015226-14,SZAXPI003409-8
ERR1018232,WGS,194,6435852633,PRJEB10878,SAMEA3541516,5123371204,BGI,2012,control,public,"fastq,sra","gs,ena,s3,ncbi","ena,gs.US,s3.us-east-1,ncbi.public",2015-10-01,2015-10-01,2018-11-16,2016-10-21,human gut,human-associated habitat,faeces,ERX1097299,SAMEA3541516,China,Asia,China,China,55.676097,12.568337,human-gut,BGI,Beijing Genome Institute,2015-10-01T17:02:43Z,2016-10-21T09:36:53Z,public,Illumina HiSeq 2000,metagenome,SZAXPI015227-13,PAIRED,other,METAGENOMIC,human gut metagenome,ILLUMINA,MetaHIT-IGC,2015-10-26T00:00:00Z,SAMEA3541516,SZAXPI015227-13,Illumina,ERP012177,SZAXPI015227-13,SZAXPI003409-8
ERR1018233,WGS,195,6895320232,PRJEB10878,SAMEA3541517,5449638699,BGI,2012,control,public,"sra,fastq","gs,s3,ena,ncbi","ena,s3.us-east-1,ncbi.public,gs.US",2015-10-01,2015-10-01,2018-11-16,2016-10-21,human gut,human-associated habitat,faeces,ERX1097300,SAMEA3541517,China,Asia,China,China,55.676097,12.568337,human-gut,BGI,Beijing Genome Institute,2015-10-01T17:02:43Z,2016-10-21T09:36:53Z,public,Illumina HiSeq 2000,metagenome,SZAXPI015228-14,PAIRED,other,METAGENOMIC,human gut metagenome,ILLUMINA,MetaHIT-IGC,2015-10-26T00:00:00Z,SAMEA3541517,SZAXPI015228-14,Illumina,ERP012177,SZAXPI015228-14,SZAXPI003409-8
ERR1018234,WGS,192,5938321460,PRJEB10878,SAMEA3541518,4848226835,BGI,2012,control,public,"fastq,sra","gs,ena,s3,ncbi","ncbi.public,ena,s3.us-east-1,gs.US",2015-10-01,2015-10-01,2018-11-16,2016-10-21,human gut,human-associated habitat,faeces,ERX1097301,SAMEA3541518,China,Asia,China,China,55.676097,12.568337,human-gut,BGI,Beijing Genome Institute,2015-10-01T17:02:43Z,2016-10-21T09:36:53Z,public,Illumina HiSeq 2000,metagenome,SZAXPI015229-15,PAIRED,other,METAGENOMIC,human gut metagenome,ILLUMINA,MetaHIT-IGC,2015-10-26T00:00:00Z,SAMEA3541518,SZAXPI015229-15,Illumina,ERP012177,SZAXPI015229-15,SZAXPI003409-8
ERR1018235,WGS,194,6673610903,PRJEB10878,SAMEA3541519,5324520442,BGI,2012,control,public,"sra,fastq","s3,ncbi,ena,gs","gs.US,ena,ncbi.public,s3.us-east-1",2015-10-01,2015-10-01,2018-11-16,2016-10-21,human gut,human-associated habitat,faeces,ERX1097302,SAMEA3541519,China,Asia,China,China,55.676097,12.568337,human-gut,BGI,Beijing Genome Institute,2015-10-01T17:02:43Z,2016-10-21T09:36:53Z,public,Illumina HiSeq 2000,metagenome,SZAXPI015230-16,PAIRED,other,METAGENOMIC,human gut metagenome,ILLUMINA,MetaHIT-IGC,2015-10-26T00:00:00Z,SAMEA3541519,SZAXPI015230-16,Illumina,ERP012177,SZAXPI015230-16,SZAXPI003409-8
ERR1018236,WGS,195,6814348601,PRJEB10878,SAMEA3541520,5394033917,BGI,2012,control,public,"sra,fastq","s3,ncbi,ena,gs","ena,gs.US,ncbi.public,s3.us-east-1",2015-10-01,2015-10-01,2018-11-16,2016-10-21,human gut,human-associated habitat,faeces,ERX1097303,SAMEA3541520,China,Asia,China,China,55.676097,12.568337,human-gut,BGI,Beijing Genome Institute,2015-10-01T17:02:43Z,2016-10-21T09:36:54Z,public,Illumina HiSeq 2000,metagenome,SZAXPI015231-17,PAIRED,other,METAGENOMIC,human gut metagenome,ILLUMINA,MetaHIT-IGC,2015-10-26T00:00:00Z,SAMEA3541520,SZAXPI015231-17,Illumina,ERP012177,SZAXPI015231-17,SZAXPI003409-8
ERR1018237,WGS,195,6660180016,PRJEB10878,SAMEA3541521,5268834362,BGI,2012,control,public,"sra,fastq","gs,ena,s3,ncbi","ena,ncbi.public,s3.us-east-1,gs.US",2015-10-01,2015-10-01,2018-11-16,2016-10-21,human gut,human-associated habitat,faeces,ERX1097304,SAMEA3541521,China,Asia,China,China,55.676097,12.568337,human-gut,BGI,Beijing Genome Institute,2015-10-01T17:02:43Z,2016-10-21T09:36:54Z,public,Illumina HiSeq 2000,metagenome,SZAXPI015232-18,PAIRED,other,METAGENOMIC,human gut metagenome,ILLUMINA,MetaHIT-IGC,2015-10-26T00:00:00Z,SAMEA3541521,SZAXPI015232-18,Illumina,ERP012177,SZAXPI015232-18,SZAXPI003409-8
ERR1018238,WGS,194,7024760687,PRJEB10878,SAMEA3541522,5552615304,BGI,2012,control,public,"fastq,sra","ena,ncbi,s3,gs","ncbi.public,gs.US,ena,s3.us-east-1",2015-10-01,2015-10-01,2018-11-16,2016-10-21,human gut,human-associated habitat,faeces,ERX1097305,SAMEA3541522,China,Asia,China,China,55.676097,12.568337,human-gut,BGI,Beijing Genome Institute,2015-10-01T17:02:43Z,2016-10-21T09:36:54Z,public,Illumina HiSeq 2000,metagenome,SZAXPI015233-19,PAIRED,other,METAGENOMIC,human gut metagenome,ILLUMINA,MetaHIT-IGC,2015-10-26T00:00:00Z,SAMEA3541522,SZAXPI015233-19,Illumina,ERP012177,SZAXPI015233-19,SZAXPI003409-8
ERR1018239,WGS,194,5749744210,PRJEB10878,SAMEA3541523,4615305395,BGI,2012,control,public,"fastq,sra","gs,ncbi,ena,s3","ncbi.public,ena,gs.US,s3.us-east-1",2015-10-01,2015-10-01,2018-11-16,2016-10-21,human gut,human-associated habitat,faeces,ERX1097306,SAMEA3541523,China,Asia,China,China,55.676097,12.568337,human-gut,BGI,Beijing Genome Institute,2015-10-01T17:02:43Z,2016-10-21T09:36:53Z,public,Illumina HiSeq 2000,metagenome,SZAXPI015234-20,PAIRED,other,METAGENOMIC,human gut metagenome,ILLUMINA,MetaHIT-IGC,2015-10-26T00:00:00Z,SAMEA3541523,SZAXPI015234-20,Illumina,ERP012177,SZAXPI015234-20,SZAXPI003409-8
ERR1018240,WGS,196,6628831167,PRJEB10878,SAMEA3541524,5118849015,BGI,2012,control,public,"sra,fastq","gs,s3,ncbi,ena","gs.US,ena,ncbi.public,s3.us-east-1",2015-10-01,2015-10-01,2018-11-16,2016-10-21,human gut,human-associated habitat,faeces,ERX1097307,SAMEA3541524,China,Asia,China,China,55.676097,12.568337,human-gut,BGI,Beijing Genome Institute,2015-10-01T17:02:43Z,2016-10-21T09:36:53Z,public,Illumina HiSeq 2000,metagenome,SZAXPI015235-21,PAIRED,other,METAGENOMIC,human gut metagenome,ILLUMINA,MetaHIT-IGC,2015-10-26T00:00:00Z,SAMEA3541524,SZAXPI015235-21,Illumina,ERP012177,SZAXPI015235-21,SZAXPI003409-8
ERR1018241,WGS,195,6575946140,PRJEB10878,SAMEA3541525,5228962522,BGI,2012,case,public,"sra,fastq","s3,ena,ncbi,gs","ncbi.public,ena,s3.us-east-1,gs.US",2015-10-01,2015-10-01,2018-11-16,2016-10-21,human gut,human-associated habitat,faeces,ERX1097308,SAMEA3541525,China,Asia,China,China,55.676097,12.568337,human-gut,BGI,Beijing Genome Institute,2015-10-01T17:02:43Z,2016-10-21T09:36:53Z,public,Illumina HiSeq 2000,metagenome,SZAXPI015237-23,PAIRED,other,METAGENOMIC,human gut metagenome,ILLUMINA,MetaHIT-IGC,2015-10-26T00:00:00Z,SAMEA3541525,SZAXPI015237-23,Illumina,ERP012177,SZAXPI015237-23,SZAXPI003409-8
ERR1018242,WGS,187,5974605135,PRJEB10878,SAMEA3541526,5087430531,BGI,2012,control,public,"fastq,sra","gs,ncbi,s3,ena","ena,ncbi.public,gs.US,s3.us-east-1",2015-10-01,2015-10-01,2018-11-16,2016-10-21,human gut,human-associated habitat,faeces,ERX1097309,SAMEA3541526,China,Asia,China,China,55.676097,12.568337,human-gut,BGI,Beijing Genome Institute,2015-10-01T17:02:43Z,2016-10-21T09:36:53Z,public,Illumina HiSeq 2000,metagenome,SZAXPI015238-24,PAIRED,other,METAGENOMIC,human gut metagenome,ILLUMINA,MetaHIT-IGC,2015-10-26T00:00:00Z,SAMEA3541526,SZAXPI015238-24,Illumina,ERP012177,SZAXPI015238-24,SZAXPI003409-8
ERR1018243,WGS,196,6256894354,PRJEB10878,SAMEA3541527,4950116417,BGI,2012,control,public,"sra,fastq","s3,gs,ena,ncbi","gs.US,s3.us-east-1,ena,ncbi.public",2015-10-01,2015-10-01,2018-11-16,2016-10-21,human gut,human-associated habitat,faeces,ERX1097310,SAMEA3541527,China,Asia,China,China,55.676097,12.568337,human-gut,BGI,Beijing Genome Institute,2015-10-01T17:02:43Z,2016-10-21T09:36:53Z,public,Illumina HiSeq 2000,metagenome,SZAXPI015239-25,PAIRED,other,METAGENOMIC,human gut metagenome,ILLUMINA,MetaHIT-IGC,2015-10-26T00:00:00Z,SAMEA3541527,SZAXPI015239-25,Illumina,ERP012177,SZAXPI015239-25,SZAXPI003409-8
ERR1018244,WGS,196,5934000840,PRJEB10878,SAMEA3541528,4608475340,BGI,2012,control,public,"fastq,sra","ncbi,ena,s3,gs","ena,ncbi.public,gs.US,s3.us-east-1",2015-10-01,2015-10-01,2018-11-16,2016-10-21,human gut,human-associated habitat,faeces,ERX1097311,SAMEA3541528,China,Asia,China,China,55.676097,12.568337,human-gut,BGI,Beijing Genome Institute,2015-10-01T17:02:43Z,2016-10-21T09:36:53Z,public,Illumina HiSeq 2000,metagenome,SZAXPI015240-26,PAIRED,other,METAGENOMIC,human gut metagenome,ILLUMINA,MetaHIT-IGC,2015-10-26T00:00:00Z,SAMEA3541528,SZAXPI015240-26,Illumina,ERP012177,SZAXPI015240-26,SZAXPI003409-8
ERR1018245,WGS,187,4931948740,PRJEB10878,SAMEA3541529,4181533280,BGI,2012,control,public,"sra,fastq","s3,ena,ncbi,gs","gs.US,ncbi.public,ena,s3.us-east-1",2015-10-01,2015-10-01,2018-11-16,2016-10-21,human gut,human-associated habitat,faeces,ERX1097312,SAMEA3541529,China,Asia,China,China,55.676097,12.568337,human-gut,BGI,Beijing Genome Institute,2015-10-01T17:02:43Z,2016-10-21T09:36:53Z,public,Illumina HiSeq 2000,metagenome,SZAXPI015241-27,PAIRED,other,METAGENOMIC,human gut metagenome,ILLUMINA,MetaHIT-IGC,2015-10-26T00:00:00Z,SAMEA3541529,SZAXPI015241-27,Illumina,ERP012177,SZAXPI015241-27,SZAXPI003409-8
ERR1018246,WGS,195,5154274247,PRJEB10878,SAMEA3541530,4103249197,BGI,2012,control,public,"fastq,sra","gs,ena,ncbi,s3","gs.US,ncbi.public,s3.us-east-1,ena",2015-10-01,2015-10-01,2018-11-16,2016-10-21,human gut,human-associated habitat,faeces,ERX1097313,SAMEA3541530,China,Asia,China,China,55.676097,12.568337,human-gut,BGI,Beijing Genome Institute,2015-10-01T17:02:43Z,2016-10-21T09:36:53Z,public,Illumina HiSeq 2000,metagenome,SZAXPI015242-30,PAIRED,other,METAGENOMIC,human gut metagenome,ILLUMINA,MetaHIT-IGC,2015-10-26T00:00:00Z,SAMEA3541530,SZAXPI015242-30,Illumina,ERP012177,SZAXPI015242-30,SZAXPI003409-8
ERR1018247,WGS,194,5567635662,PRJEB10878,SAMEA3541531,4413096880,BGI,2012,control,public,"fastq,sra","ena,s3,ncbi,gs","gs.US,ena,ncbi.public,s3.us-east-1",2015-10-01,2015-10-01,2018-11-16,2016-10-21,human gut,human-associated habitat,faeces,ERX1097314,SAMEA3541531,China,Asia,China,China,55.676097,12.568337,human-gut,BGI,Beijing Genome Institute,2015-10-01T17:02:43Z,2016-10-21T09:36:53Z,public,Illumina HiSeq 2000,metagenome,SZAXPI015243-31,PAIRED,other,METAGENOMIC,human gut metagenome,ILLUMINA,MetaHIT-IGC,2015-10-26T00:00:00Z,SAMEA3541531,SZAXPI015243-31,Illumina,ERP012177,SZAXPI015243-31,SZAXPI003409-8
ERR1018248,WGS,195,5725708568,PRJEB10878,SAMEA3541532,4524465469,BGI,2012,control,public,"sra,fastq","ena,s3,gs,ncbi","ncbi.public,s3.us-east-1,ena,gs.US",2015-10-01,2015-10-01,2018-11-16,2016-10-21,human gut,human-associated habitat,faeces,ERX1097315,SAMEA3541532,China,Asia,China,China,55.676097,12.568337,human-gut,BGI,Beijing Genome Institute,2015-10-01T17:02:43Z,2016-10-21T09:36:53Z,public,Illumina HiSeq 2000,metagenome,SZAXPI015244-32,PAIRED,other,METAGENOMIC,human gut metagenome,ILLUMINA,MetaHIT-IGC,2015-10-26T00:00:00Z,SAMEA3541532,SZAXPI015244-32,Illumina,ERP012177,SZAXPI015244-32,SZAXPI003409-8
ERR1018249,WGS,190,4743989231,PRJEB10878,SAMEA3541533,3924334415,BGI,2012,control,public,"fastq,sra","ncbi,gs,s3,ena","ncbi.public,ena,s3.us-east-1,gs.US",2015-10-01,2015-10-01,2018-11-16,2016-10-21,human gut,human-associated habitat,faeces,ERX1097316,SAMEA3541533,China,Asia,China,China,55.676097,12.568337,human-gut,BGI,Beijing Genome Institute,2015-10-01T17:02:43Z,2016-10-21T09:36:53Z,public,Illumina HiSeq 2000,metagenome,SZAXPI015245-33,PAIRED,other,METAGENOMIC,human gut metagenome,ILLUMINA,MetaHIT-IGC,2015-10-26T00:00:00Z,SAMEA3541533,SZAXPI015245-33,Illumina,ERP012177,SZAXPI015245-33,SZAXPI003409-8
ERR1018250,WGS,193,4605248434,PRJEB10878,SAMEA3541534,3720671223,BGI,2012,control,public,"sra,fastq","s3,ena,ncbi,gs","gs.US,ena,s3.us-east-1,ncbi.public",2015-10-01,2015-10-01,2018-11-16,2016-10-21,human gut,human-associated habitat,faeces,ERX1097317,SAMEA3541534,China,Asia,China,China,55.676097,12.568337,human-gut,BGI,Beijing Genome Institute,2015-10-01T17:02:43Z,2016-10-21T09:36:53Z,public,Illumina HiSeq 2000,metagenome,SZAXPI015246-34,PAIRED,other,METAGENOMIC,human gut metagenome,ILLUMINA,MetaHIT-IGC,2015-10-26T00:00:00Z,SAMEA3541534,SZAXPI015246-34,Illumina,ERP012177,SZAXPI015246-34,SZAXPI003409-8
ERR1018251,WGS,188,5228553296,PRJEB10878,SAMEA3541535,4415066303,BGI,2012,control,public,"fastq,sra","ena,ncbi,gs,s3","s3.us-east-1,ena,ncbi.public,gs.US",2015-10-01,2015-10-01,2018-11-16,2016-10-21,human gut,human-associated habitat,faeces,ERX1097318,SAMEA3541535,China,Asia,China,China,55.676097,12.568337,human-gut,BGI,Beijing Genome Institute,2015-10-01T17:02:43Z,2016-10-21T09:36:53Z,public,Illumina HiSeq 2000,metagenome,SZAXPI015247-35,PAIRED,other,METAGENOMIC,human gut metagenome,ILLUMINA,MetaHIT-IGC,2015-10-26T00:00:00Z,SAMEA3541535,SZAXPI015247-35,Illumina,ERP012177,SZAXPI015247-35,SZAXPI003409-8
ERR1018252,WGS,185,4284823360,PRJEB10878,SAMEA3541536,3675061170,BGI,2012,control,public,"sra,fastq","s3,ncbi,ena,gs","ncbi.public,ena,s3.us-east-1,gs.US",2015-10-01,2015-10-01,2018-11-16,2016-10-21,human gut,human-associated habitat,faeces,ERX1097319,SAMEA3541536,China,Asia,China,China,55.676097,12.568337,human-gut,BGI,Beijing Genome Institute,2015-10-01T17:02:43Z,2016-10-21T09:36:53Z,public,Illumina HiSeq 2000,metagenome,SZAXPI015248-36,PAIRED,other,METAGENOMIC,human gut metagenome,ILLUMINA,MetaHIT-IGC,2015-10-26T00:00:00Z,SAMEA3541536,SZAXPI015248-36,Illumina,ERP012177,SZAXPI015248-36,SZAXPI003409-8
ERR1018253,WGS,182,4421327366,PRJEB10878,SAMEA3541537,3855105199,BGI,2012,control,public,"fastq,sra","gs,s3,ena,ncbi","gs.US,s3.us-east-1,ncbi.public,ena",2015-10-01,2015-10-01,2018-11-16,2016-10-21,human gut,human-associated habitat,faeces,ERX1097320,SAMEA3541537,China,Asia,China,China,55.676097,12.568337,human-gut,BGI,Beijing Genome Institute,2015-10-01T17:02:43Z,2016-10-21T09:36:53Z,public,Illumina HiSeq 2000,metagenome,SZAXPI015249-37,PAIRED,other,METAGENOMIC,human gut metagenome,ILLUMINA,MetaHIT-IGC,2015-10-26T00:00:00Z,SAMEA3541537,SZAXPI015249-37,Illumina,ERP012177,SZAXPI015249-37,SZAXPI003409-8
ERR1018254,WGS,195,5532795294,PRJEB10878,SAMEA3541538,4346375583,BGI,2012,control,public,"sra,fastq","ncbi,s3,ena,gs","ena,ncbi.public,gs.US,s3.us-east-1",2015-10-01,2015-10-01,2018-11-16,2016-10-21,human gut,human-associated habitat,faeces,ERX1097321,SAMEA3541538,China,Asia,China,China,55.676097,12.568337,human-gut,BGI,Beijing Genome Institute,2015-10-01T17:02:43Z,2016-10-21T09:36:53Z,public,Illumina HiSeq 2000,metagenome,SZAXPI015250-39,PAIRED,other,METAGENOMIC,human gut metagenome,ILLUMINA,MetaHIT-IGC,2015-10-26T00:00:00Z,SAMEA3541538,SZAXPI015250-39,Illumina,ERP012177,SZAXPI015250-39,SZAXPI003409-8
ERR1018255,WGS,185,4087572754,PRJEB10878,SAMEA3541539,3507912964,BGI,2012,control,public,"fastq,sra","s3,ncbi,ena,gs","ena,s3.us-east-1,ncbi.public,gs.US",2015-10-01,2015-10-01,2018-11-16,2016-10-21,human gut,human-associated habitat,faeces,ERX1097322,SAMEA3541539,China,Asia,China,China,55.676097,12.568337,human-gut,BGI,Beijing Genome Institute,2015-10-01T17:02:43Z,2016-10-21T09:36:53Z,public,Illumina HiSeq 2000,metagenome,SZAXPI015251-41,PAIRED,other,METAGENOMIC,human gut metagenome,ILLUMINA,MetaHIT-IGC,2015-10-26T00:00:00Z,SAMEA3541539,SZAXPI015251-41,Illumina,ERP012177,SZAXPI015251-41,SZAXPI003409-8
ERR1018256,WGS,195,4378527165,PRJEB10878,SAMEA3541540,3451091167,BGI,2012,control,public,"sra,fastq","ena,gs,s3,ncbi","gs.US,ena,ncbi.public,s3.us-east-1",2015-10-01,2015-10-01,2018-11-16,2016-10-21,human gut,human-associated habitat,faeces,ERX1097323,SAMEA3541540,China,Asia,China,China,55.676097,12.568337,human-gut,BGI,Beijing Genome Institute,2015-10-01T17:02:43Z,2016-10-21T09:36:53Z,public,Illumina HiSeq 2000,metagenome,SZAXPI015252-43,PAIRED,other,METAGENOMIC,human gut metagenome,ILLUMINA,MetaHIT-IGC,2015-10-26T00:00:00Z,SAMEA3541540,SZAXPI015252-43,Illumina,ERP012177,SZAXPI015252-43,SZAXPI003409-8
ERR1018257,WGS,195,6031404940,PRJEB10878,SAMEA3541541,4685019040,BGI,2012,control,public,"sra,fastq","s3,gs,ena,ncbi","ena,gs.US,ncbi.public,s3.us-east-1",2015-10-01,2015-10-01,2018-11-16,2016-10-21,human gut,human-associated habitat,faeces,ERX1097324,SAMEA3541541,China,Asia,China,China,55.676097,12.568337,human-gut,BGI,Beijing Genome Institute,2015-10-01T17:02:43Z,2016-10-21T09:36:53Z,public,Illumina HiSeq 2000,metagenome,SZAXPI015253-44,PAIRED,other,METAGENOMIC,human gut metagenome,ILLUMINA,MetaHIT-IGC,2015-10-26T00:00:00Z,SAMEA3541541,SZAXPI015253-44,Illumina,ERP012177,SZAXPI015253-44,SZAXPI003409-8
ERR1018258,WGS,188,5452370978,PRJEB10878,SAMEA3541542,4612469028,BGI,2012,control,public,"fastq,sra","s3,ena,gs,ncbi","ena,gs.US,s3.us-east-1,ncbi.public",2015-10-01,2015-10-01,2018-11-16,2016-10-21,human gut,human-associated habitat,faeces,ERX1097325,SAMEA3541542,China,Asia,China,China,55.676097,12.568337,human-gut,BGI,Beijing Genome Institute,2015-10-01T17:02:43Z,2016-10-21T09:36:53Z,public,Illumina HiSeq 2000,metagenome,SZAXPI015254-45,PAIRED,other,METAGENOMIC,human gut metagenome,ILLUMINA,MetaHIT-IGC,2015-10-26T00:00:00Z,SAMEA3541542,SZAXPI015254-45,Illumina,ERP012177,SZAXPI015254-45,SZAXPI003409-8
ERR1018259,WGS,186,5286392158,PRJEB10878,SAMEA3541543,4521171812,BGI,2012,control,public,"fastq,sra","gs,ncbi,ena,s3","ena,s3.us-east-1,ncbi.public,gs.US",2015-10-01,2015-10-01,2018-11-16,2016-10-21,human gut,human-associated habitat,faeces,ERX1097326,SAMEA3541543,China,Asia,China,China,55.676097,12.568337,human-gut,BGI,Beijing Genome Institute,2015-10-01T17:02:43Z,2016-10-21T09:36:53Z,public,Illumina HiSeq 2000,metagenome,SZAXPI015255-46,PAIRED,other,METAGENOMIC,human gut metagenome,ILLUMINA,MetaHIT-IGC,2015-10-26T00:00:00Z,SAMEA3541543,SZAXPI015255-46,Illumina,ERP012177,SZAXPI015255-46,SZAXPI003409-8
ERR1018260,WGS,190,5913649423,PRJEB10878,SAMEA3541544,4906996673,BGI,2012,control,public,"fastq,sra","s3,gs,ena,ncbi","ena,s3.us-east-1,gs.US,ncbi.public",2015-10-01,2015-10-01,2018-11-16,2016-10-21,human gut,human-associated habitat,faeces,ERX1097327,SAMEA3541544,China,Asia,China,China,55.676097,12.568337,human-gut,BGI,Beijing Genome Institute,2015-10-01T17:02:43Z,2016-10-21T09:36:53Z,public,Illumina HiSeq 2000,metagenome,SZAXPI015256-47,PAIRED,other,METAGENOMIC,human gut metagenome,ILLUMINA,MetaHIT-IGC,2015-10-26T00:00:00Z,SAMEA3541544,SZAXPI015256-47,Illumina,ERP012177,SZAXPI015256-47,SZAXPI003409-8
ERR1018261,WGS,188,5122974616,PRJEB10878,SAMEA3541545,4314824082,BGI,2012,control,public,"fastq,sra","gs,ncbi,ena,s3","ena,s3.us-east-1,gs.US,ncbi.public",2015-10-01,2015-10-01,2018-11-16,2016-10-21,human gut,human-associated habitat,faeces,ERX1097328,SAMEA3541545,China,Asia,China,China,55.676097,12.568337,human-gut,BGI,Beijing Genome Institute,2015-10-01T17:02:43Z,2016-10-21T09:36:53Z,public,Illumina HiSeq 2000,metagenome,SZAXPI015257-56,PAIRED,other,METAGENOMIC,human gut metagenome,ILLUMINA,MetaHIT-IGC,2015-10-26T00:00:00Z,SAMEA3541545,SZAXPI015257-56,Illumina,ERP012177,SZAXPI015257-56,SZAXPI003409-8
ERR1018262,WGS,195,7565053111,PRJEB10878,SAMEA3541546,5998647660,BGI,2012,control,public,"fastq,sra","ncbi,s3,gs,ena","ena,gs.US,ncbi.public,s3.us-east-1",2015-10-01,2015-10-01,2018-11-16,2016-10-21,human gut,human-associated habitat,faeces,ERX1097329,SAMEA3541546,China,Asia,China,China,55.676097,12.568337,human-gut,BGI,Beijing Genome Institute,2015-10-01T17:02:43Z,2016-10-21T09:36:54Z,public,Illumina HiSeq 2000,metagenome,SZAXPI015258-57,PAIRED,other,METAGENOMIC,human gut metagenome,ILLUMINA,MetaHIT-IGC,2015-10-26T00:00:00Z,SAMEA3541546,SZAXPI015258-57,Illumina,ERP012177,SZAXPI015258-57,SZAXPI003409-8
ERR1018263,WGS,196,5461060156,PRJEB10878,SAMEA3541547,4230605155,BGI,2012,control,public,"sra,fastq","ncbi,gs,s3,ena","gs.US,s3.us-east-1,ena,ncbi.public",2015-10-01,2015-10-01,2018-11-16,2016-10-21,human gut,human-associated habitat,faeces,ERX1097330,SAMEA3541547,China,Asia,China,China,55.676097,12.568337,human-gut,BGI,Beijing Genome Institute,2015-10-01T17:02:43Z,2016-10-21T09:36:53Z,public,Illumina HiSeq 2000,metagenome,SZAXPI015259-62,PAIRED,other,METAGENOMIC,human gut metagenome,ILLUMINA,MetaHIT-IGC,2015-10-26T00:00:00Z,SAMEA3541547,SZAXPI015259-62,Illumina,ERP012177,SZAXPI015259-62,SZAXPI003409-8
ERR1018264,WGS,183,5409790102,PRJEB10878,SAMEA3541548,4731895964,BGI,2012,control,public,"fastq,sra","gs,ena,s3,ncbi","gs.US,s3.us-east-1,ncbi.public,ena",2015-10-01,2015-10-01,2018-11-16,2016-10-21,human gut,human-associated habitat,faeces,ERX1097331,SAMEA3541548,China,Asia,China,China,55.676097,12.568337,human-gut,BGI,Beijing Genome Institute,2015-10-01T17:02:43Z,2016-10-21T09:36:53Z,public,Illumina HiSeq 2000,metagenome,SZAXPI015260-74,PAIRED,other,METAGENOMIC,human gut metagenome,ILLUMINA,MetaHIT-IGC,2015-10-26T00:00:00Z,SAMEA3541548,SZAXPI015260-74,Illumina,ERP012177,SZAXPI015260-74,SZAXPI003409-8
ERR1018265,WGS,195,6142339703,PRJEB10878,SAMEA3541549,4814350114,BGI,2012,control,public,"fastq,sra","gs,ena,s3,ncbi","gs.US,s3.us-east-1,ncbi.public,ena",2015-10-01,2015-10-01,2018-11-16,2016-10-21,human gut,human-associated habitat,faeces,ERX1097332,SAMEA3541549,China,Asia,China,China,55.676097,12.568337,human-gut,BGI,Beijing Genome Institute,2015-10-01T17:02:43Z,2016-10-21T09:36:53Z,public,Illumina HiSeq 2000,metagenome,SZAXPI015261-75,PAIRED,other,METAGENOMIC,human gut metagenome,ILLUMINA,MetaHIT-IGC,2015-10-26T00:00:00Z,SAMEA3541549,SZAXPI015261-75,Illumina,ERP012177,SZAXPI015261-75,SZAXPI003409-8
ERR1018266,WGS,195,6072275849,PRJEB10878,SAMEA3541550,4734410538,BGI,2012,control,public,"sra,fastq","s3,gs,ena,ncbi","s3.us-east-1,ncbi.public,gs.US,ena",2015-10-01,2015-10-01,2018-11-16,2016-10-21,human gut,human-associated habitat,faeces,ERX1097333,SAMEA3541550,China,Asia,China,China,55.676097,12.568337,human-gut,BGI,Beijing Genome Institute,2015-10-01T17:02:43Z,2016-10-21T09:36:53Z,public,Illumina HiSeq 2000,metagenome,SZAXPI015262-79,PAIRED,other,METAGENOMIC,human gut metagenome,ILLUMINA,MetaHIT-IGC,2015-10-26T00:00:00Z,SAMEA3541550,SZAXPI015262-79,Illumina,ERP012177,SZAXPI015262-79,SZAXPI003409-8
ERR1018267,WGS,185,4783479071,PRJEB10878,SAMEA3541551,4112846886,BGI,2012,control,public,"fastq,sra","gs,ena,s3,ncbi","ncbi.public,s3.us-east-1,ena,gs.US",2015-10-01,2015-10-01,2018-11-16,2016-10-21,human gut,human-associated habitat,faeces,ERX1097334,SAMEA3541551,China,Asia,China,China,55.676097,12.568337,human-gut,BGI,Beijing Genome Institute,2015-10-01T17:02:43Z,2016-10-21T09:36:53Z,public,Illumina HiSeq 2000,metagenome,SZAXPI015263-84,PAIRED,other,METAGENOMIC,human gut metagenome,ILLUMINA,MetaHIT-IGC,2015-10-26T00:00:00Z,SAMEA3541551,SZAXPI015263-84,Illumina,ERP012177,SZAXPI015263-84,SZAXPI003409-8
ERR1018268,WGS,195,5705212005,PRJEB10878,SAMEA3541552,4458066925,BGI,2012,control,public,"sra,fastq","s3,gs,ncbi,ena","gs.US,s3.us-east-1,ena,ncbi.public",2015-10-01,2015-10-01,2018-11-16,2016-10-21,human gut,human-associated habitat,faeces,ERX1097335,SAMEA3541552,China,Asia,China,China,55.676097,12.568337,human-gut,BGI,Beijing Genome Institute,2015-10-01T17:02:43Z,2016-10-21T09:36:53Z,public,Illumina HiSeq 2000,metagenome,SZAXPI015264-87,PAIRED,other,METAGENOMIC,human gut metagenome,ILLUMINA,MetaHIT-IGC,2015-10-26T00:00:00Z,SAMEA3541552,SZAXPI015264-87,Illumina,ERP012177,SZAXPI015264-87,SZAXPI003409-8
ERR1018269,WGS,196,5953705467,PRJEB10878,SAMEA3541553,4621542945,BGI,2012,control,public,"sra,fastq","s3,ncbi,gs,ena","ncbi.public,gs.US,ena,s3.us-east-1",2015-10-01,2015-10-01,2018-11-16,2016-10-21,human gut,human-associated habitat,faeces,ERX1097336,SAMEA3541553,China,Asia,China,China,55.676097,12.568337,human-gut,BGI,Beijing Genome Institute,2015-10-01T17:02:43Z,2016-10-21T09:36:53Z,public,Illumina HiSeq 2000,metagenome,SZAXPI015265-88,PAIRED,other,METAGENOMIC,human gut metagenome,ILLUMINA,MetaHIT-IGC,2015-10-26T00:00:00Z,SAMEA3541553,SZAXPI015265-88,Illumina,ERP012177,SZAXPI015265-88,SZAXPI003409-8
ERR1018270,WGS,196,6214859452,PRJEB10878,SAMEA3541554,4835658503,BGI,2012,control,public,"sra,fastq","gs,ncbi,s3,ena","ena,gs.US,ncbi.public,s3.us-east-1",2015-10-01,2015-10-01,2018-11-16,2016-10-21,human gut,human-associated habitat,faeces,ERX1097337,SAMEA3541554,China,Asia,China,China,55.676097,12.568337,human-gut,BGI,Beijing Genome Institute,2015-10-01T17:02:43Z,2016-10-21T09:36:53Z,public,Illumina HiSeq 2000,metagenome,SZAXPI015266-89,PAIRED,other,METAGENOMIC,human gut metagenome,ILLUMINA,MetaHIT-IGC,2015-10-26T00:00:00Z,SAMEA3541554,SZAXPI015266-89,Illumina,ERP012177,SZAXPI015266-89,SZAXPI003409-8
ERR1018271,WGS,183,5067016252,PRJEB10878,SAMEA3541555,4393824606,BGI,2012,control,public,"sra,fastq","ena,s3,ncbi,gs","s3.us-east-1,ncbi.public,ena,gs.US",2015-10-01,2015-10-01,2018-11-16,2016-10-21,human gut,human-associated habitat,faeces,ERX1097338,SAMEA3541555,China,Asia,China,China,55.676097,12.568337,human-gut,BGI,Beijing Genome Institute,2015-10-01T17:02:43Z,2016-10-21T09:36:53Z,public,Illumina HiSeq 2000,metagenome,SZAXPI015267-102,PAIRED,other,METAGENOMIC,human gut metagenome,ILLUMINA,MetaHIT-IGC,2015-10-26T00:00:00Z,SAMEA3541555,SZAXPI015267-102,Illumina,ERP012177,SZAXPI015267-102,SZAXPI003409-8
ERR1018272,WGS,194,5847463811,PRJEB10878,SAMEA3541556,4743816940,BGI,2012,control,public,"sra,fastq","ncbi,ena,s3,gs","gs.US,s3.us-east-1,ena,ncbi.public",2015-10-01,2015-10-01,2018-11-16,2016-10-21,human gut,human-associated habitat,faeces,ERX1097339,SAMEA3541556,China,Asia,China,China,55.676097,12.568337,human-gut,BGI,Beijing Genome Institute,2015-10-01T17:02:43Z,2016-10-21T09:36:53Z,public,Illumina HiSeq 2000,metagenome,SZAXPI015268-109,PAIRED,other,METAGENOMIC,human gut metagenome,ILLUMINA,MetaHIT-IGC,2015-10-26T00:00:00Z,SAMEA3541556,SZAXPI015268-109,Illumina,ERP012177,SZAXPI015268-109,SZAXPI003409-8
ERR1018273,WGS,185,5841330956,PRJEB10878,SAMEA3541557,5016583068,BGI,2012,control,public,"sra,fastq","s3,ncbi,gs,ena","ena,s3.us-east-1,ncbi.public,gs.US",2015-10-01,2015-10-01,2018-11-16,2016-10-21,human gut,human-associated habitat,faeces,ERX1097340,SAMEA3541557,China,Asia,China,China,55.676097,12.568337,human-gut,BGI,Beijing Genome Institute,2015-10-01T17:02:43Z,2016-10-21T09:36:53Z,public,Illumina HiSeq 2000,metagenome,SZAXPI015269-94,PAIRED,other,METAGENOMIC,human gut metagenome,ILLUMINA,MetaHIT-IGC,2015-10-26T00:00:00Z,SAMEA3541557,SZAXPI015269-94,Illumina,ERP012177,SZAXPI015269-94,SZAXPI003409-8
ERR1018274,WGS,188,5963817711,PRJEB10878,SAMEA3541558,5066535712,BGI,2012,control,public,"sra,fastq","s3,ncbi,ena,gs","ncbi.public,gs.US,s3.us-east-1,ena",2015-10-01,2015-10-01,2018-11-16,2016-10-21,human gut,human-associated habitat,faeces,ERX1097341,SAMEA3541558,China,Asia,China,China,55.676097,12.568337,human-gut,BGI,Beijing Genome Institute,2015-10-01T17:02:43Z,2016-10-21T09:36:53Z,public,Illumina HiSeq 2000,metagenome,SZAXPI015270-90,PAIRED,other,METAGENOMIC,human gut metagenome,ILLUMINA,MetaHIT-IGC,2015-10-26T00:00:00Z,SAMEA3541558,SZAXPI015270-90,Illumina,ERP012177,SZAXPI015270-90,SZAXPI003409-8
ERR1018275,WGS,194,4208577504,PRJEB10878,SAMEA3541559,3355925558,BGI,2012,control,public,"sra,fastq","ena,s3,ncbi,gs","ncbi.public,ena,gs.US,s3.us-east-1",2015-10-01,2015-10-01,2018-11-16,2016-10-21,human gut,human-associated habitat,faeces,ERX1097342,SAMEA3541559,China,Asia,China,China,55.676097,12.568337,human-gut,BGI,Beijing Genome Institute,2015-10-01T17:02:43Z,2016-10-21T09:36:53Z,public,Illumina HiSeq 2000,metagenome,SZAXPI015271-93,PAIRED,other,METAGENOMIC,human gut metagenome,ILLUMINA,MetaHIT-IGC,2015-10-26T00:00:00Z,SAMEA3541559,SZAXPI015271-93,Illumina,ERP012177,SZAXPI015271-93,SZAXPI003409-8
ERR1018276,WGS,195,4325874871,PRJEB10878,SAMEA3541560,3393506424,BGI,2012,control,public,"fastq,sra","ncbi,gs,s3,ena","s3.us-east-1,gs.US,ena,ncbi.public",2015-10-01,2015-10-01,2018-11-16,2016-10-21,human gut,human-associated habitat,faeces,ERX1097343,SAMEA3541560,China,Asia,China,China,55.676097,12.568337,human-gut,BGI,Beijing Genome Institute,2015-10-01T17:02:43Z,2016-10-21T09:36:53Z,public,Illumina HiSeq 2000,metagenome,SZAXPI015272-108,PAIRED,other,METAGENOMIC,human gut metagenome,ILLUMINA,MetaHIT-IGC,2015-10-26T00:00:00Z,SAMEA3541560,SZAXPI015272-108,Illumina,ERP012177,SZAXPI015272-108,SZAXPI003409-8
ERR1018277,WGS,196,5963396124,PRJEB10878,SAMEA3541561,4586704037,BGI,2012,control,public,"sra,fastq","s3,ncbi,gs,ena","ncbi.public,ena,s3.us-east-1,gs.US",2015-10-01,2015-10-01,2018-11-16,2016-10-21,human gut,human-associated habitat,faeces,ERX1097344,SAMEA3541561,China,Asia,China,China,55.676097,12.568337,human-gut,BGI,Beijing Genome Institute,2015-10-01T17:02:43Z,2016-10-21T09:36:53Z,public,Illumina HiSeq 2000,metagenome,SZAXPI015273-95,PAIRED,other,METAGENOMIC,human gut metagenome,ILLUMINA,MetaHIT-IGC,2015-10-26T00:00:00Z,SAMEA3541561,SZAXPI015273-95,Illumina,ERP012177,SZAXPI015273-95,SZAXPI003409-8
ERR1018278,WGS,189,5988073670,PRJEB10878,SAMEA3541562,5027476229,BGI,2012,control,public,"sra,fastq","gs,s3,ncbi,ena","gs.US,s3.us-east-1,ncbi.public,ena",2015-10-01,2015-10-01,2018-11-16,2016-10-21,human gut,human-associated habitat,faeces,ERX1097345,SAMEA3541562,China,Asia,China,China,55.676097,12.568337,human-gut,BGI,Beijing Genome Institute,2015-10-01T17:02:43Z,2016-10-21T09:36:53Z,public,Illumina HiSeq 2000,metagenome,SZAXPI015274-111,PAIRED,other,METAGENOMIC,human gut metagenome,ILLUMINA,MetaHIT-IGC,2015-10-26T00:00:00Z,SAMEA3541562,SZAXPI015274-111,Illumina,ERP012177,SZAXPI015274-111,SZAXPI003409-8
ERR1018279,WGS,193,6159612826,PRJEB10878,SAMEA3541563,5231433087,BGI,2012,case,public,"sra,fastq","s3,gs,ncbi,ena","ena,ncbi.public,gs.US,s3.us-east-1",2015-10-01,2015-10-01,2018-11-16,2016-10-21,human gut,human-associated habitat,faeces,ERX1097346,SAMEA3541563,China,Asia,China,China,55.676097,12.568337,human-gut,BGI,Beijing Genome Institute,2015-10-01T17:02:43Z,2016-10-21T09:36:53Z,public,Illumina HiSeq 2000,metagenome,SZAXPI017451-16,PAIRED,other,METAGENOMIC,human gut metagenome,ILLUMINA,MetaHIT-IGC,2015-10-26T00:00:00Z,SAMEA3541563,SZAXPI017451-16,Illumina,ERP012177,SZAXPI017451-16,SZAXPI003409-8
ERR1018280,WGS,193,6291809354,PRJEB10878,SAMEA3541564,5312809710,BGI,2012,case,public,"fastq,sra","s3,ncbi,ena,gs","ena,s3.us-east-1,ncbi.public,gs.US",2015-10-01,2015-10-01,2018-11-16,2016-10-21,human gut,human-associated habitat,faeces,ERX1097347,SAMEA3541564,China,Asia,China,China,55.676097,12.568337,human-gut,BGI,Beijing Genome Institute,2015-10-01T17:02:43Z,2016-10-21T09:36:53Z,public,Illumina HiSeq 2000,metagenome,SZAXPI017452-17,PAIRED,other,METAGENOMIC,human gut metagenome,ILLUMINA,MetaHIT-IGC,2015-10-26T00:00:00Z,SAMEA3541564,SZAXPI017452-17,Illumina,ERP012177,SZAXPI017452-17,SZAXPI003409-8
ERR1018281,WGS,184,4805566759,PRJEB10878,SAMEA3541565,4201790180,BGI,2012,case,public,"fastq,sra","gs,ena,ncbi,s3","ena,ncbi.public,s3.us-east-1,gs.US",2015-10-01,2015-10-01,2018-11-16,2016-10-21,human gut,human-associated habitat,faeces,ERX1097348,SAMEA3541565,China,Asia,China,China,55.676097,12.568337,human-gut,BGI,Beijing Genome Institute,2015-10-01T17:02:43Z,2016-10-21T09:36:53Z,public,Illumina HiSeq 2000,metagenome,SZAXPI017453-19,PAIRED,other,METAGENOMIC,human gut metagenome,ILLUMINA,MetaHIT-IGC,2015-10-26T00:00:00Z,SAMEA3541565,SZAXPI017453-19,Illumina,ERP012177,SZAXPI017453-19,SZAXPI003409-8
ERR1018282,WGS,186,5300707451,PRJEB10878,SAMEA3541566,4596161598,BGI,2012,case,public,"sra,fastq","gs,ena,s3,ncbi","ena,gs.US,ncbi.public,s3.us-east-1",2015-10-01,2015-10-01,2018-11-16,2016-10-21,human gut,human-associated habitat,faeces,ERX1097349,SAMEA3541566,China,Asia,China,China,55.676097,12.568337,human-gut,BGI,Beijing Genome Institute,2015-10-01T17:02:43Z,2016-10-21T09:36:53Z,public,Illumina HiSeq 2000,metagenome,SZAXPI017454-20,PAIRED,other,METAGENOMIC,human gut metagenome,ILLUMINA,MetaHIT-IGC,2015-10-26T00:00:00Z,SAMEA3541566,SZAXPI017454-20,Illumina,ERP012177,SZAXPI017454-20,SZAXPI003409-8
ERR1018283,WGS,186,4788302397,PRJEB10878,SAMEA3541567,4124978694,BGI,2012,case,public,"fastq,sra","gs,ena,ncbi,s3","ncbi.public,ena,s3.us-east-1,gs.US",2015-10-01,2015-10-01,2018-11-16,2016-10-21,human gut,human-associated habitat,faeces,ERX1097350,SAMEA3541567,China,Asia,China,China,55.676097,12.568337,human-gut,BGI,Beijing Genome Institute,2015-10-01T17:02:43Z,2016-10-21T09:36:53Z,public,Illumina HiSeq 2000,metagenome,SZAXPI017455-21,PAIRED,other,METAGENOMIC,human gut metagenome,ILLUMINA,MetaHIT-IGC,2015-10-26T00:00:00Z,SAMEA3541567,SZAXPI017455-21,Illumina,ERP012177,SZAXPI017455-21,SZAXPI003409-8
ERR1018284,WGS,187,4853435538,PRJEB10878,SAMEA3541568,4174937788,BGI,2012,case,public,"fastq,sra","ena,gs,s3,ncbi","gs.US,ncbi.public,ena,s3.us-east-1",2015-10-01,2015-10-01,2018-11-16,2016-10-21,human gut,human-associated habitat,faeces,ERX1097351,SAMEA3541568,China,Asia,China,China,55.676097,12.568337,human-gut,BGI,Beijing Genome Institute,2015-10-01T17:02:43Z,2016-10-21T09:36:53Z,public,Illumina HiSeq 2000,metagenome,SZAXPI017456-23,PAIRED,other,METAGENOMIC,human gut metagenome,ILLUMINA,MetaHIT-IGC,2015-10-26T00:00:00Z,SAMEA3541568,SZAXPI017456-23,Illumina,ERP012177,SZAXPI017456-23,SZAXPI003409-8
ERR1018285,WGS,186,5802726469,PRJEB10878,SAMEA3541569,5022327965,BGI,2012,case,public,"sra,fastq","ncbi,s3,ena,gs","ncbi.public,gs.US,ena,s3.us-east-1",2015-10-01,2015-10-01,2018-11-16,2016-10-21,human gut,human-associated habitat,faeces,ERX1097352,SAMEA3541569,China,Asia,China,China,55.676097,12.568337,human-gut,BGI,Beijing Genome Institute,2015-10-01T17:02:43Z,2016-10-21T09:36:53Z,public,Illumina HiSeq 2000,metagenome,SZAXPI017457-24,PAIRED,other,METAGENOMIC,human gut metagenome,ILLUMINA,MetaHIT-IGC,2015-10-26T00:00:00Z,SAMEA3541569,SZAXPI017457-24,Illumina,ERP012177,SZAXPI017457-24,SZAXPI003409-8
ERR1018286,WGS,187,5228621466,PRJEB10878,SAMEA3541570,4498177664,BGI,2012,case,public,"sra,fastq","ncbi,gs,s3,ena","s3.us-east-1,ena,ncbi.public,gs.US",2015-10-01,2015-10-01,2018-11-16,2016-10-21,human gut,human-associated habitat,faeces,ERX1097353,SAMEA3541570,China,Asia,China,China,55.676097,12.568337,human-gut,BGI,Beijing Genome Institute,2015-10-01T17:02:43Z,2016-10-21T09:36:53Z,public,Illumina HiSeq 2000,metagenome,SZAXPI017458-25,PAIRED,other,METAGENOMIC,human gut metagenome,ILLUMINA,MetaHIT-IGC,2015-10-26T00:00:00Z,SAMEA3541570,SZAXPI017458-25,Illumina,ERP012177,SZAXPI017458-25,SZAXPI003409-8
ERR1018287,WGS,193,3565318892,PRJEB10878,SAMEA3541571,2956516648,BGI,2012,case,public,"fastq,sra","ena,ncbi,s3,gs","gs.US,ncbi.public,ena,s3.us-east-1",2015-10-01,2015-10-01,2018-11-16,2016-10-21,human gut,human-associated habitat,faeces,ERX1097354,SAMEA3541571,China,Asia,China,China,55.676097,12.568337,human-gut,BGI,Beijing Genome Institute,2015-10-01T17:02:43Z,2016-10-21T09:36:53Z,public,Illumina HiSeq 2000,metagenome,SZAXPI017459-26,PAIRED,other,METAGENOMIC,human gut metagenome,ILLUMINA,MetaHIT-IGC,2015-10-26T00:00:00Z,SAMEA3541571,SZAXPI017459-26,Illumina,ERP012177,SZAXPI017459-26,SZAXPI003409-8
ERR1018288,WGS,191,3719245972,PRJEB10878,SAMEA3541572,3149831844,BGI,2012,case,public,"fastq,sra","ncbi,ena,s3,gs","s3.us-east-1,gs.US,ena,ncbi.public",2015-10-01,2015-10-01,2018-11-16,2016-10-21,human gut,human-associated habitat,faeces,ERX1097355,SAMEA3541572,China,Asia,China,China,55.676097,12.568337,human-gut,BGI,Beijing Genome Institute,2015-10-01T17:02:43Z,2016-10-21T09:36:53Z,public,Illumina HiSeq 2000,metagenome,SZAXPI017460-27,PAIRED,other,METAGENOMIC,human gut metagenome,ILLUMINA,MetaHIT-IGC,2015-10-26T00:00:00Z,SAMEA3541572,SZAXPI017460-27,Illumina,ERP012177,SZAXPI017460-27,SZAXPI003409-8
ERR1018289,WGS,193,3387430279,PRJEB10878,SAMEA3541573,2815093658,BGI,2012,case,public,"fastq,sra","gs,s3,ena,ncbi","ncbi.public,s3.us-east-1,ena,gs.US",2015-10-01,2015-10-01,2018-11-16,2016-10-21,human gut,human-associated habitat,faeces,ERX1097356,SAMEA3541573,China,Asia,China,China,55.676097,12.568337,human-gut,BGI,Beijing Genome Institute,2015-10-01T17:02:43Z,2016-10-21T09:36:53Z,public,Illumina HiSeq 2000,metagenome,SZAXPI017461-32,PAIRED,other,METAGENOMIC,human gut metagenome,ILLUMINA,MetaHIT-IGC,2015-10-26T00:00:00Z,SAMEA3541573,SZAXPI017461-32,Illumina,ERP012177,SZAXPI017461-32,SZAXPI003409-8
ERR1018290,WGS,193,3694689270,PRJEB10878,SAMEA3541574,3082026935,BGI,2012,case,public,"sra,fastq","s3,gs,ncbi,ena","ena,s3.us-east-1,ncbi.public,gs.US",2015-10-01,2015-10-01,2018-11-16,2016-10-21,human gut,human-associated habitat,faeces,ERX1097357,SAMEA3541574,China,Asia,China,China,55.676097,12.568337,human-gut,BGI,Beijing Genome Institute,2015-10-01T17:02:43Z,2016-10-21T09:36:53Z,public,Illumina HiSeq 2000,metagenome,SZAXPI017462-33,PAIRED,other,METAGENOMIC,human gut metagenome,ILLUMINA,MetaHIT-IGC,2015-10-26T00:00:00Z,SAMEA3541574,SZAXPI017462-33,Illumina,ERP012177,SZAXPI017462-33,SZAXPI003409-8
ERR1018291,WGS,192,3696564849,PRJEB10878,SAMEA3541575,3094577891,BGI,2012,case,public,"sra,fastq","ncbi,ena,gs,s3","s3.us-east-1,ncbi.public,gs.US,ena",2015-10-01,2015-10-01,2018-11-16,2016-10-21,human gut,human-associated habitat,faeces,ERX1097358,SAMEA3541575,China,Asia,China,China,55.676097,12.568337,human-gut,BGI,Beijing Genome Institute,2015-10-01T17:02:43Z,2016-10-21T09:36:53Z,public,Illumina HiSeq 2000,metagenome,SZAXPI017463-36,PAIRED,other,METAGENOMIC,human gut metagenome,ILLUMINA,MetaHIT-IGC,2015-10-26T00:00:00Z,SAMEA3541575,SZAXPI017463-36,Illumina,ERP012177,SZAXPI017463-36,SZAXPI003409-8
ERR1018292,WGS,194,3525605588,PRJEB10878,SAMEA3541576,2914491083,BGI,2012,case,public,"fastq,sra","s3,ncbi,gs,ena","ncbi.public,s3.us-east-1,gs.US,ena",2015-10-01,2015-10-01,2018-11-16,2016-10-21,human gut,human-associated habitat,faeces,ERX1097359,SAMEA3541576,China,Asia,China,China,55.676097,12.568337,human-gut,BGI,Beijing Genome Institute,2015-10-01T17:02:43Z,2016-10-21T09:36:53Z,public,Illumina HiSeq 2000,metagenome,SZAXPI017464-37,PAIRED,other,METAGENOMIC,human gut metagenome,ILLUMINA,MetaHIT-IGC,2015-10-26T00:00:00Z,SAMEA3541576,SZAXPI017464-37,Illumina,ERP012177,SZAXPI017464-37,SZAXPI003409-8
ERR1018293,WGS,189,3514766749,PRJEB10878,SAMEA3541577,3014642983,BGI,2012,case,public,"sra,fastq","s3,ncbi,ena,gs","gs.US,s3.us-east-1,ena,ncbi.public",2015-10-01,2015-10-01,2018-11-16,2016-10-21,human gut,human-associated habitat,faeces,ERX1097360,SAMEA3541577,China,Asia,China,China,55.676097,12.568337,human-gut,BGI,Beijing Genome Institute,2015-10-01T17:02:43Z,2016-10-21T09:36:53Z,public,Illumina HiSeq 2000,metagenome,SZAXPI017465-43,PAIRED,other,METAGENOMIC,human gut metagenome,ILLUMINA,MetaHIT-IGC,2015-10-26T00:00:00Z,SAMEA3541577,SZAXPI017465-43,Illumina,ERP012177,SZAXPI017465-43,SZAXPI003409-8
ERR1018294,WGS,189,3836371213,PRJEB10878,SAMEA3541578,3299223857,BGI,2012,case,public,"fastq,sra","ncbi,s3,gs,ena","gs.US,s3.us-east-1,ncbi.public,ena",2015-10-01,2015-10-01,2018-11-16,2016-10-21,human gut,human-associated habitat,faeces,ERX1097361,SAMEA3541578,China,Asia,China,China,55.676097,12.568337,human-gut,BGI,Beijing Genome Institute,2015-10-01T17:02:43Z,2016-10-21T09:36:53Z,public,Illumina HiSeq 2000,metagenome,SZAXPI017466-84,PAIRED,other,METAGENOMIC,human gut metagenome,ILLUMINA,MetaHIT-IGC,2015-10-26T00:00:00Z,SAMEA3541578,SZAXPI017466-84,Illumina,ERP012177,SZAXPI017466-84,SZAXPI003409-8
ERR1018295,WGS,192,4080498548,PRJEB10878,SAMEA3541579,3448209868,BGI,2012,case,public,"fastq,sra","ena,s3,ncbi,gs","gs.US,s3.us-east-1,ena,ncbi.public",2015-10-01,2015-10-01,2018-11-16,2016-10-21,human gut,human-associated habitat,faeces,ERX1097362,SAMEA3541579,China,Asia,China,China,55.676097,12.568337,human-gut,BGI,Beijing Genome Institute,2015-10-01T17:02:43Z,2016-10-21T09:36:53Z,public,Illumina HiSeq 2000,metagenome,SZAXPI017467-87,PAIRED,other,METAGENOMIC,human gut metagenome,ILLUMINA,MetaHIT-IGC,2015-10-26T00:00:00Z,SAMEA3541579,SZAXPI017467-87,Illumina,ERP012177,SZAXPI017467-87,SZAXPI003409-8
ERR1018296,WGS,196,1077534564,PRJEB10878,SAMEA3541580,808224898,BGI,2012,case,public,"sra,fastq","s3,ena,gs,ncbi","ncbi.public,s3.us-east-1,gs.US,ena",2015-10-01,2015-10-01,2018-11-16,2016-10-21,human gut,human-associated habitat,faeces,ERX1097363,SAMEA3541580,China,Asia,China,China,55.676097,12.568337,human-gut,BGI,Beijing Genome Institute,2015-10-01T17:02:43Z,2016-10-21T09:36:53Z,public,Illumina HiSeq 2000,metagenome,SZAXPI017468-88,PAIRED,other,METAGENOMIC,human gut metagenome,ILLUMINA,MetaHIT-IGC,2015-10-26T00:00:00Z,SAMEA3541580,SZAXPI017468-88,Illumina,ERP012177,SZAXPI017468-88,SZAXPI003409-8
ERR1018297,WGS,192,4645971246,PRJEB10878,SAMEA3541581,3931359215,BGI,2012,case,public,"fastq,sra","ena,gs,ncbi,s3","gs.US,ncbi.public,ena,s3.us-east-1",2015-10-01,2015-10-01,2018-11-16,2016-10-21,human gut,human-associated habitat,faeces,ERX1097364,SAMEA3541581,China,Asia,China,China,55.676097,12.568337,human-gut,BGI,Beijing Genome Institute,2015-10-01T17:02:43Z,2016-10-21T09:36:53Z,public,Illumina HiSeq 2000,metagenome,SZAXPI017580-90,PAIRED,other,METAGENOMIC,human gut metagenome,ILLUMINA,MetaHIT-IGC,2015-10-26T00:00:00Z,SAMEA3541581,SZAXPI017580-90,Illumina,ERP012177,SZAXPI017580-90,SZAXPI003409-8
ERR1018298,WGS,190,3592068766,PRJEB10878,SAMEA3541582,3069387657,BGI,2012,case,public,"fastq,sra","ncbi,ena,s3,gs","gs.US,s3.us-east-1,ncbi.public,ena",2015-10-01,2015-10-01,2018-11-16,2016-10-21,human gut,human-associated habitat,faeces,ERX1097365,SAMEA3541582,China,Asia,China,China,55.676097,12.568337,human-gut,BGI,Beijing Genome Institute,2015-10-01T17:02:43Z,2016-10-21T09:36:53Z,public,Illumina HiSeq 2000,metagenome,SZAXPI017581-93,PAIRED,other,METAGENOMIC,human gut metagenome,ILLUMINA,MetaHIT-IGC,2015-10-26T00:00:00Z,SAMEA3541582,SZAXPI017581-93,Illumina,ERP012177,SZAXPI017581-93,SZAXPI003409-8
ERR1018299,WGS,196,4977096921,PRJEB10878,SAMEA3541583,3738290119,BGI,2012,case,public,"fastq,sra","s3,gs,ncbi,ena","ncbi.public,gs.US,s3.us-east-1,ena",2015-10-01,2015-10-01,2018-11-16,2016-10-21,human gut,human-associated habitat,faeces,ERX1097366,SAMEA3541583,China,Asia,China,China,55.676097,12.568337,human-gut,BGI,Beijing Genome Institute,2015-10-01T17:02:43Z,2016-10-21T09:36:53Z,public,Illumina HiSeq 2000,metagenome,SZAXPI017582-94,PAIRED,other,METAGENOMIC,human gut metagenome,ILLUMINA,MetaHIT-IGC,2015-10-26T00:00:00Z,SAMEA3541583,SZAXPI017582-94,Illumina,ERP012177,SZAXPI017582-94,SZAXPI003409-8
ERR1018300,WGS,191,3861481843,PRJEB10878,SAMEA3541584,3286874964,BGI,2012,case,public,"sra,fastq","s3,ena,gs,ncbi","gs.US,ncbi.public,ena,s3.us-east-1",2015-10-01,2015-10-01,2018-11-16,2016-10-21,human gut,human-associated habitat,faeces,ERX1097367,SAMEA3541584,China,Asia,China,China,55.676097,12.568337,human-gut,BGI,Beijing Genome Institute,2015-10-01T17:02:43Z,2016-10-21T09:36:53Z,public,Illumina HiSeq 2000,metagenome,SZAXPI017583-102,PAIRED,other,METAGENOMIC,human gut metagenome,ILLUMINA,MetaHIT-IGC,2015-10-26T00:00:00Z,SAMEA3541584,SZAXPI017583-102,Illumina,ERP012177,SZAXPI017583-102,SZAXPI003409-8
ERR1018301,WGS,195,4339363261,PRJEB10878,SAMEA3541585,3315327567,BGI,2012,case,public,"sra,fastq","gs,ncbi,s3,ena","ena,s3.us-east-1,gs.US,ncbi.public",2015-10-01,2015-10-01,2018-11-16,2016-10-21,human gut,human-associated habitat,faeces,ERX1097368,SAMEA3541585,China,Asia,China,China,55.676097,12.568337,human-gut,BGI,Beijing Genome Institute,2015-10-01T17:02:43Z,2016-10-21T09:36:53Z,public,Illumina HiSeq 2000,metagenome,SZAXPI017584-108,PAIRED,other,METAGENOMIC,human gut metagenome,ILLUMINA,MetaHIT-IGC,2015-10-26T00:00:00Z,SAMEA3541585,SZAXPI017584-108,Illumina,ERP012177,SZAXPI017584-108,SZAXPI003409-8
ERR1018302,WGS,197,6454082758,PRJEB10878,SAMEA3541586,4802748119,BGI,2012,case,public,"sra,fastq","ena,s3,gs,ncbi","gs.US,ena,ncbi.public,s3.us-east-1",2015-10-01,2015-10-01,2018-11-16,2016-10-21,human gut,human-associated habitat,faeces,ERX1097369,SAMEA3541586,China,Asia,China,China,55.676097,12.568337,human-gut,BGI,Beijing Genome Institute,2015-10-01T17:02:43Z,2016-10-21T09:36:53Z,public,Illumina HiSeq 2000,metagenome,SZAXPI017585-109,PAIRED,other,METAGENOMIC,human gut metagenome,ILLUMINA,MetaHIT-IGC,2015-10-26T00:00:00Z,SAMEA3541586,SZAXPI017585-109,Illumina,ERP012177,SZAXPI017585-109,SZAXPI003409-8
ERR1018303,WGS,195,5593184628,PRJEB10878,SAMEA3541587,4349316155,BGI,2012,case,public,"fastq,sra","ena,gs,s3,ncbi","gs.US,s3.us-east-1,ena,ncbi.public",2015-10-01,2015-10-01,2018-11-16,2016-10-21,human gut,human-associated habitat,faeces,ERX1097370,SAMEA3541587,China,Asia,China,China,55.676097,12.568337,human-gut,BGI,Beijing Genome Institute,2015-10-01T17:02:43Z,2016-10-21T09:36:53Z,public,Illumina HiSeq 2000,metagenome,SZAXPI017586-111,PAIRED,other,METAGENOMIC,human gut metagenome,ILLUMINA,MetaHIT-IGC,2015-10-26T00:00:00Z,SAMEA3541587,SZAXPI017586-111,Illumina,ERP012177,SZAXPI017586-111,SZAXPI003409-8
ERR1018304,WGS,196,5796676630,PRJEB10878,SAMEA3541588,4432124388,BGI,2012,case,public,"fastq,sra","s3,ena,ncbi,gs","s3.us-east-1,ena,gs.US,ncbi.public",2015-10-01,2015-10-01,2018-11-16,2016-10-21,human gut,human-associated habitat,faeces,ERX1097371,SAMEA3541588,China,Asia,China,China,55.676097,12.568337,human-gut,BGI,Beijing Genome Institute,2015-10-01T17:02:43Z,2016-10-21T09:36:53Z,public,Illumina HiSeq 2000,metagenome,SZAXPI017587-113,PAIRED,other,METAGENOMIC,human gut metagenome,ILLUMINA,MetaHIT-IGC,2015-10-26T00:00:00Z,SAMEA3541588,SZAXPI017587-113,Illumina,ERP012177,SZAXPI017587-113,SZAXPI003409-8
ERR1018305,WGS,196,5738342166,PRJEB10878,SAMEA3541589,4343193152,BGI,2012,case,public,"fastq,sra","ncbi,gs,s3,ena","ena,gs.US,ncbi.public,s3.us-east-1",2015-10-01,2015-10-01,2018-11-16,2016-10-21,human gut,human-associated habitat,faeces,ERX1097372,SAMEA3541589,China,Asia,China,China,55.676097,12.568337,human-gut,BGI,Beijing Genome Institute,2015-10-01T17:02:43Z,2016-10-21T09:36:53Z,public,Illumina HiSeq 2000,metagenome,SZAXPI017588-123,PAIRED,other,METAGENOMIC,human gut metagenome,ILLUMINA,MetaHIT-IGC,2015-10-26T00:00:00Z,SAMEA3541589,SZAXPI017588-123,Illumina,ERP012177,SZAXPI017588-123,SZAXPI003409-8
ERR1018306,WGS,196,4855210014,PRJEB10878,SAMEA3541590,3673494331,BGI,2012,case,public,"fastq,sra","gs,ena,s3,ncbi","ncbi.public,gs.US,ena,s3.us-east-1",2015-10-01,2015-10-01,2018-11-16,2016-10-21,human gut,human-associated habitat,faeces,ERX1097373,SAMEA3541590,China,Asia,China,China,55.676097,12.568337,human-gut,BGI,Beijing Genome Institute,2015-10-01T17:02:43Z,2016-10-21T09:36:53Z,public,Illumina HiSeq 2000,metagenome,SZAXPI017589-133,PAIRED,other,METAGENOMIC,human gut metagenome,ILLUMINA,MetaHIT-IGC,2015-10-26T00:00:00Z,SAMEA3541590,SZAXPI017589-133,Illumina,ERP012177,SZAXPI017589-133,SZAXPI003409-8
ERR1018307,WGS,195,4993945911,PRJEB10878,SAMEA3541591,3816968651,BGI,2012,case,public,"sra,fastq","ncbi,s3,gs,ena","ena,ncbi.public,s3.us-east-1,gs.US",2015-10-01,2015-10-01,2018-11-16,2016-10-21,human gut,human-associated habitat,faeces,ERX1097374,SAMEA3541591,China,Asia,China,China,55.676097,12.568337,human-gut,BGI,Beijing Genome Institute,2015-10-01T17:02:43Z,2016-10-21T09:36:53Z,public,Illumina HiSeq 2000,metagenome,SZAXPI017590-136,PAIRED,other,METAGENOMIC,human gut metagenome,ILLUMINA,MetaHIT-IGC,2015-10-26T00:00:00Z,SAMEA3541591,SZAXPI017590-136,Illumina,ERP012177,SZAXPI017590-136,SZAXPI003409-8
ERR1018308,WGS,195,5690446732,PRJEB10878,SAMEA3541592,4351507403,BGI,2012,control,public,"sra,fastq","s3,ncbi,ena,gs","s3.us-east-1,gs.US,ena,ncbi.public",2015-10-01,2015-10-01,2018-11-16,2016-10-21,human gut,human-associated habitat,faeces,ERX1097375,SAMEA3541592,China,Asia,China,China,55.676097,12.568337,human-gut,BGI,Beijing Genome Institute,2015-10-01T17:02:43Z,2016-10-21T09:36:53Z,public,Illumina HiSeq 2000,metagenome,SZAXPI017591-140,PAIRED,other,METAGENOMIC,human gut metagenome,ILLUMINA,MetaHIT-IGC,2015-10-26T00:00:00Z,SAMEA3541592,SZAXPI017591-140,Illumina,ERP012177,SZAXPI017591-140,SZAXPI003409-8
ERR1018309,WGS,195,5584524714,PRJEB10878,SAMEA3541593,4322436603,BGI,2012,control,public,"fastq,sra","ncbi,ena,s3,gs","ena,s3.us-east-1,ncbi.public,gs.US",2015-10-01,2015-10-01,2018-11-16,2016-10-21,human gut,human-associated habitat,faeces,ERX1097376,SAMEA3541593,China,Asia,China,China,55.676097,12.568337,human-gut,BGI,Beijing Genome Institute,2015-10-01T17:02:43Z,2016-10-21T09:36:53Z,public,Illumina HiSeq 2000,metagenome,SZAXPI017592-142,PAIRED,other,METAGENOMIC,human gut metagenome,ILLUMINA,MetaHIT-IGC,2015-10-26T00:00:00Z,SAMEA3541593,SZAXPI017592-142,Illumina,ERP012177,SZAXPI017592-142,SZAXPI003409-8
ERR1018310,WGS,195,6469426091,PRJEB10878,SAMEA3541594,4994761474,BGI,2012,case,public,"fastq,sra","s3,ena,gs,ncbi","ncbi.public,ena,gs.US,s3.us-east-1",2015-10-01,2015-10-01,2018-11-16,2016-10-21,human gut,human-associated habitat,faeces,ERX1097377,SAMEA3541594,China,Asia,China,China,55.676097,12.568337,human-gut,BGI,Beijing Genome Institute,2015-10-01T17:02:43Z,2016-10-21T09:36:53Z,public,Illumina HiSeq 2000,metagenome,SZAXPI017593-158,PAIRED,other,METAGENOMIC,human gut metagenome,ILLUMINA,MetaHIT-IGC,2015-10-26T00:00:00Z,SAMEA3541594,SZAXPI017593-158,Illumina,ERP012177,SZAXPI017593-158,SZAXPI003409-8
ERR1018311,WGS,196,5787105961,PRJEB10878,SAMEA3541595,4289007846,BGI,2012,case,public,"sra,fastq","ncbi,gs,ena,s3","gs.US,s3.us-east-1,ena,ncbi.public",2015-10-01,2015-10-01,2018-11-16,2016-10-21,human gut,human-associated habitat,faeces,ERX1097378,SAMEA3541595,China,Asia,China,China,55.676097,12.568337,human-gut,BGI,Beijing Genome Institute,2015-10-01T17:02:43Z,2016-10-21T09:36:53Z,public,Illumina HiSeq 2000,metagenome,SZAXPI017594-166,PAIRED,other,METAGENOMIC,human gut metagenome,ILLUMINA,MetaHIT-IGC,2015-10-26T00:00:00Z,SAMEA3541595,SZAXPI017594-166,Illumina,ERP012177,SZAXPI017594-166,SZAXPI003409-8
ERR1018312,WGS,196,6222135039,PRJEB10878,SAMEA3541596,4646188803,BGI,2012,case,public,"sra,fastq","ncbi,ena,s3,gs","s3.us-east-1,ena,gs.US,ncbi.public",2015-10-01,2015-10-01,2018-11-16,2016-10-21,human gut,human-associated habitat,faeces,ERX1097379,SAMEA3541596,China,Asia,China,China,55.676097,12.568337,human-gut,BGI,Beijing Genome Institute,2015-10-01T17:02:43Z,2016-10-21T09:36:53Z,public,Illumina HiSeq 2000,metagenome,SZAXPI017595-169,PAIRED,other,METAGENOMIC,human gut metagenome,ILLUMINA,MetaHIT-IGC,2015-10-26T00:00:00Z,SAMEA3541596,SZAXPI017595-169,Illumina,ERP012177,SZAXPI017595-169,SZAXPI003409-8
