,species,phylum
0,s__,other
1,s__CAG-83 sp000435555,p__Firmicutes_A
2,s__Butyrivibrio_A sp000431815,p__Firmicutes_A
3,s__CAG-603 sp900066105,p__Firmicutes_A
4,s__Bifidobacterium infantis,p__Actinobacteriota
5,s__Bifidobacterium breve,p__Actinobacteriota
6,s__Collinsella sp002391315,p__Actinobacteriota
7,s__Bifidobacterium ruminantium,p__Actinobacteriota
8,s__Blautia sp001304935,p__Firmicutes_A
9,s__Collinsella sp002232035,p__Actinobacteriota
10,s__Blautia_A sp000436615,p__Firmicutes_A
11,s__Blautia_A obeum,p__Firmicutes_A
12,s__Fusicatenibacter saccharivorans,p__Firmicutes_A
13,s__Clostridium_Q sp003024715,p__Firmicutes_A
14,s__Ruminococcus_A sp003011855,p__Firmicutes_A
15,s__Blautia_A sp900066335,p__Firmicutes_A
16,s__Bacteroides_B dorei,p__Bacteroidota
17,s__Bacteroides finegoldii,p__Bacteroidota
18,s__Ruminiclostridium_C sp000435295,p__Firmicutes_A
19,s__Bacteroides congonensis,p__Bacteroidota
20,s__Bacteroides_B sartorii,p__Bacteroidota
21,s__Neobitarella massiliensis,p__Firmicutes_A
22,s__Bacteroides_B sp002493165,p__Bacteroidota
23,s__Anaerostipes hadrus,p__Firmicutes_A
24,s__Blautia_A sp900066205,p__Firmicutes_A
25,s__Faecalibacterium prausnitzii_I,p__Firmicutes_A
26,s__Faecalibacterium prausnitzii_H,p__Firmicutes_A
27,s__Faecalibacterium prausnitzii_G,p__Firmicutes_A
28,s__Faecalibacterium prausnitzii_E,p__Firmicutes_A
29,s__Agathobacter rectalis,p__Firmicutes_A
30,s__Coprococcus_A catus,p__Firmicutes_A
31,s__TF01-11 sp003529475,p__Firmicutes_A
32,s__CAG-81 sp900066785,p__Firmicutes_A
33,s__Faecalicatena sp900066545,p__Firmicutes_A
34,s__CAG-269 sp000435535,p__Firmicutes_A
35,s__Blautia sp000436935,p__Firmicutes_A
36,s__Agathobacter sp000434275,p__Firmicutes_A
37,s__Ruminococcus_D bicirculans,p__Firmicutes_A
38,s__Gemmiger formicilis,p__Firmicutes_A
39,s__Blautia_A massiliensis,p__Firmicutes_A
40,s__Blautia_A sp000285855,p__Firmicutes_A
41,s__Blautia_A wexlerae,p__Firmicutes_A
42,s__GCA-900066575 sp900066385,p__Firmicutes_A
43,s__Coprococcus_B comes,p__Firmicutes_A
44,s__Dorea sp000433215,p__Firmicutes_A
45,s__Anaerostipes hadrus_A,p__Firmicutes_A
46,s__Anaerostipes sp900066705,p__Firmicutes_A
47,s__Blautia sp003287895,p__Firmicutes_A
48,s__Agathobaculum butyriciproducens,p__Firmicutes_A
49,s__Blautia_A sp900120195,p__Firmicutes_A
50,s__Prevotella sp001275135,p__Bacteroidota
51,s__Alistipes putredinis,p__Bacteroidota
52,s__Blautia_A sp900066145,p__Firmicutes_A
53,s__Eubacterium_I ramulus,p__Firmicutes_A
54,s__Agathobacter faecis,p__Firmicutes_A
55,s__Alistipes sp002161445,p__Bacteroidota
56,s__GCA-900066575 sp002160765,p__Firmicutes_A
57,s__Alistipes finegoldii,p__Bacteroidota
58,s__Alistipes shahii,p__Bacteroidota
59,s__Eubacterium_E hallii,p__Firmicutes_A
60,s__Eubacterium_E hallii_A,p__Firmicutes_A
61,s__Prevotella corporis,p__Bacteroidota
62,s__CAG-710 sp000432595,p__Firmicutes
63,s__Roseburia inulinivorans,p__Firmicutes_A
64,s__Bacteroides oleiciplenus,p__Bacteroidota
65,s__Bacteroides sp002491635,p__Bacteroidota
66,s__Faecalibacterium prausnitzii_C,p__Firmicutes_A
67,s__Lachnospira sp003537285,p__Firmicutes_A
68,s__Dorea longicatena_B,p__Firmicutes_A
69,s__CAG-45 sp900066395,p__Firmicutes_A
70,s__Faecalibacterium prausnitzii_F,p__Firmicutes_A
71,s__Bacteroides caccae,p__Bacteroidota
72,s__Solobacterium sp900290205,p__Firmicutes
73,s__Bacteroides clarus,p__Bacteroidota
74,s__Alistipes sp002358415,p__Bacteroidota
75,s__Absiella innocuum,p__Firmicutes
76,s__Intestinimonas massiliensis,p__Firmicutes_A
77,s__Dorea sp900066765,p__Firmicutes_A
78,s__Faecalibacterium prausnitzii_D,p__Firmicutes_A
79,s__Coprococcus eutactus,p__Firmicutes_A
80,s__CAG-83 sp001916855,p__Firmicutes_A
81,s__CAG-353 sp900066885,p__Firmicutes_A
82,s__CAG-83 sp003487665,p__Firmicutes_A
83,s__ER4 sp000765235,p__Firmicutes_A
84,s__Alistipes sp900083545,p__Bacteroidota
85,s__Alistipes senegalensis,p__Bacteroidota
86,s__CAG-83 sp000435975,p__Firmicutes_A
87,s__Phascolarctobacterium_A succinatutens_A,p__Firmicutes_C
88,s__Phascolarctobacterium_A succinatutens,p__Firmicutes_C
89,s__Ruminococcus_E bromii,p__Firmicutes_A
90,s__Ruminococcus_E bromii_B,p__Firmicutes_A
91,s__Bifidobacterium bifidum,p__Actinobacteriota
92,s__Massilioclostridium coli,p__Firmicutes_A
93,s__CAG-145 sp000435715,p__Firmicutes_A
94,s__Erysipelatoclostridium ramosum,p__Firmicutes
95,s__Tyzzerella sp000411335,p__Firmicutes_A
96,s__Alistipes obesi,p__Bacteroidota
97,s__Clostridium_A leptum,p__Firmicutes_A
98,s__Gemmiger sp003476825,p__Firmicutes_A
99,s__Coprococcus sp900066115,p__Firmicutes_A
100,s__CAG-914 sp000437895,p__Firmicutes
101,s__CAG-302 sp001916775,p__Firmicutes
102,s__Marvinbryantia sp900066075,p__Firmicutes_A
103,s__CAG-110 sp000434635,p__Firmicutes_A
104,s__Faecalicatena faecis,p__Firmicutes_A
105,s__CAG-632 sp002406015,p__Firmicutes_A
106,s__Lachnospira rogosae,p__Firmicutes_A
107,s__Acutalibacter timonensis,p__Firmicutes_A
108,s__CAG-269 sp000431335,p__Firmicutes_A
109,s__Flavonifractor plautii,p__Firmicutes_A
110,s__GCA-900066135 sp900066135,p__Firmicutes_A
111,s__Faecalibacterium prausnitzii_J,p__Firmicutes_A
112,s__Lachnospira sp000436535,p__Firmicutes_A
113,s__Oscillibacter sp900066435,p__Firmicutes_A
114,s__ER4 sp900317525,p__Firmicutes_A
115,s__ER4 sp003522105,p__Firmicutes_A
116,s__UBA11524 sp000437595,p__Firmicutes_A
117,s__CAG-177 sp003538135,p__Firmicutes_A
118,s__Eubacterium_R sp000433975,p__Firmicutes_A
119,s__CAG-177 sp003514385,p__Firmicutes_A
120,s__Eubacterium_I ramulus_A,p__Firmicutes_A
121,s__CAG-269 sp001916035,p__Firmicutes_A
122,s__CAG-349 sp003539515,p__Firmicutes_A
123,s__Bacteroides_F pectinophilus,p__Firmicutes_A
124,s__CAG-411 sp000437275,p__Firmicutes_A
125,s__QAMM01 sp003150405,p__Firmicutes_A
126,s__Eubacterium_G sp000434315,p__Firmicutes_A
127,s__RUG806 sp900313475,p__Firmicutes_A
128,s__CAG-110 sp003525905,p__Firmicutes_A
129,s__Intestinimonas butyriciproducens,p__Firmicutes_A
130,s__Faecalibacterium prausnitzii_K,p__Firmicutes_A
131,s__Megasphaera sp900066485,p__Firmicutes_C
132,s__Eisenbergiella sp900066775,p__Firmicutes_A
133,s__Dorea longicatena,p__Firmicutes_A
134,s__Mogibacterium massiliense,p__Firmicutes_A
135,s__Acetatifactor sp900066565,p__Firmicutes_A
136,s__Acetatifactor sp003447295,p__Firmicutes_A
137,s__CAG-349 sp001940895,p__Firmicutes_A
138,s__Faecalibacterium sp003449675,p__Firmicutes_A
139,s__Eubacterium_G ventriosum,p__Firmicutes_A
140,s__Dorea formicigenerans,p__Firmicutes_A
141,s__Clostridium sp001916075,p__Firmicutes_A
142,s__Ruminococcus_E sp003526955,p__Firmicutes_A
143,s__CAG-313 sp000433035,p__Firmicutes
144,s__Blautia sp900120295,p__Firmicutes_A
145,s__CAG-605 sp000433475,p__Firmicutes
146,s__UBA737 sp002431945,p__Firmicutes_A
147,s__Prevotella copri,p__Bacteroidota
148,s__Prevotella sp000436695,p__Bacteroidota
149,s__Prevotellamassilia timonensis,p__Bacteroidota
150,s__Bacteroides_A sp000436795,p__Bacteroidota
151,s__Prevotella sp000436915,p__Bacteroidota
152,s__Prevotella sp003447235,p__Bacteroidota
153,s__Prevotella sp000434515,p__Bacteroidota
154,s__Prevotella sp900313215,p__Bacteroidota
155,s__Prevotella sp900290275,p__Bacteroidota
156,s__Prevotella copri_A,p__Bacteroidota
157,s__Bacillus_A sp001884105,p__Firmicutes
158,s__Bacteroides uniformis,p__Bacteroidota
159,s__Prevotella sp000436035,p__Bacteroidota
160,s__Prevotella sp000434975,p__Bacteroidota
161,s__Bacteroides acidifaciens,p__Bacteroidota
162,s__Roseburia intestinalis,p__Firmicutes_A
163,s__Prevotella lascolaii,p__Bacteroidota
164,s__Bacteroides_A coprocola,p__Bacteroidota
165,s__Roseburia sp003483745,p__Firmicutes_A
166,s__Parabacteroides merdae,p__Bacteroidota
167,s__Prevotella sp000834015,p__Bacteroidota
168,s__Bacteroides_B massiliensis,p__Bacteroidota
169,s__CAG-56 sp900066615,p__Firmicutes_A
170,s__Bacteroides xylanisolvens,p__Bacteroidota
171,s__Alistipes sp000434235,p__Bacteroidota
172,s__Blautia_A obeum_B,p__Firmicutes_A
173,s__Bacteroides intestinalis,p__Bacteroidota
174,s__Hungatella hathewayi,p__Firmicutes_A
175,s__CAG-95 sp900066375,p__Firmicutes_A
176,s__CAG-95 sp000438155,p__Firmicutes_A
177,s__Eubacterium_I sp900066595,p__Firmicutes_A
178,s__Enterococcus_B faecium_B,p__Firmicutes
179,s__CAG-484 sp000431315,p__Cyanobacteria
180,s__Eubacterium_G sp000432355,p__Firmicutes_A
181,s__Dorea sp900066555,p__Firmicutes_A
182,s__Dialister invisus,p__Firmicutes_C
183,s__Parabacteroides distasonis,p__Bacteroidota
184,s__Acetatifactor sp900066365,p__Firmicutes_A
185,s__Coprococcus sp000154245,p__Firmicutes_A
186,s__Coprococcus eutactus_A,p__Firmicutes_A
187,s__CAG-590 sp000431135,p__Firmicutes_A
188,s__Lachnospira eligens_B,p__Firmicutes_A
189,s__CAG-170 sp000432135,p__Firmicutes_A
190,s__Ruminococcus_E sp900314705,p__Firmicutes_A
191,s__CAG-127 sp900319515,p__Firmicutes_A
192,s__Lawsonibacter sp900066825,p__Firmicutes_A
193,s__CAG-303 sp000437755,p__Firmicutes_A
194,s__Lachnospira sp000436475,p__Firmicutes_A
195,s__CAG-510 sp000434615,p__Firmicutes_A
196,s__Streptococcus pasteurianus,p__Firmicutes
197,s__GCA-900066995 sp900291955,p__Firmicutes_A
198,s__Prevotella sp002299275,p__Bacteroidota
199,s__CAG-45 sp000438375,p__Firmicutes_A
200,s__CAG-170 sp000436735,p__Firmicutes_A
201,s__TF01-11 sp003524945,p__Firmicutes_A
202,s__TF01-11 sp001414325,p__Firmicutes_A
203,s__Butyrivibrio_A crossotus,p__Firmicutes_A
204,s__Absiella sp000165065,p__Firmicutes
205,s__Ruminococcus_C sp000980705,p__Firmicutes_A
206,s__Ruminococcus_C callidus,p__Firmicutes_A
207,s__UBA11471 sp000434215,p__Bacteroidota
208,s__TF01-11 sp000436755,p__Firmicutes_A
209,s__CAG-964 sp000435335,p__Firmicutes_A
210,s__Acetivibrio_A ethanolgignens,p__Firmicutes_A
211,s__Marseille-P4683 sp900232885,p__Firmicutes_A
212,s__An200 sp003268275,p__Firmicutes_A
213,s__Ruminococcus_C sp000433635,p__Firmicutes_A
214,s__Ruthenibacterium lactatiformans,p__Firmicutes_A
215,s__CAG-103 sp900317855,p__Firmicutes_A
216,s__UBA6398 sp003150315,p__Bacteroidota
217,s__Eubacterium_R sp000436835,p__Firmicutes_A
218,s__Eubacterium_R sp000434995,p__Firmicutes_A
219,s__Coprococcus sp000433075,p__Firmicutes_A
220,s__CAG-882 sp003486385,p__Firmicutes_A
221,s__CAG-83 sp003539495,p__Firmicutes_A
222,s__Sutterella wadsworthensis_A,p__Proteobacteria
223,s__Blautia_A sp900066505,p__Firmicutes_A
224,s__PeH17 sp000435055,p__Firmicutes_A
225,s__CAG-217 sp000436335,p__Firmicutes_A
226,s__Faecalicatena sp000509105,p__Firmicutes_A
227,s__CAG-81 sp900066535,p__Firmicutes_A
228,s__Butyricicoccus pullicaecorum,p__Firmicutes_A
229,s__CAG-81 sp900066055,p__Firmicutes_A
230,s__Eubacterium_F sp003491505,p__Firmicutes_A
231,s__Prevotella stercorea,p__Bacteroidota
232,s__Dorea sp900086625,p__Firmicutes_A
233,s__Eubacterium_R coprostanoligenes,p__Firmicutes_A
234,s__CAG-145 sp002320005,p__Firmicutes_A
235,s__Blautia_A sp900066165,p__Firmicutes_A
236,s__Faecalicatena torques,p__Firmicutes_A
237,s__Ureaplasma parvum,p__Firmicutes
238,s__Faecalicatena lactaris,p__Firmicutes_A
239,s__Bacteroides_A plebeius_A,p__Bacteroidota
240,s__Akkermansia muciniphila,p__Verrucomicrobiota
241,s__CAG-196 sp002102975,p__Cyanobacteria
242,s__Streptococcus agalactiae,p__Firmicutes
243,s__Bacteroides fragilis,p__Bacteroidota
244,s__Bacteroides stercoris,p__Bacteroidota
245,s__Pseudescherichia sp002298805,p__Proteobacteria
246,s__Kurthia massiliensis,p__Firmicutes
247,s__Eubacterium_G sp000435815,p__Firmicutes_A
248,s__Bacteroides stercorirosoris,p__Bacteroidota
249,s__Negativibacillus massiliensis,p__Firmicutes_A
250,s__Enterobacter cloacae_H,p__Proteobacteria
251,s__Peptostreptococcus anaerobius,p__Firmicutes_A
252,s__Barnesiella intestinihominis,p__Bacteroidota
253,s__Odoribacter massiliensis,p__Bacteroidota
254,s__TF01-11 sp003149875,p__Firmicutes_A
255,s__Leptotrichia wadei,p__Fusobacteriota
256,s__Porphyromonas gingivalis,p__Bacteroidota
257,s__Criibacterium bergeronii,p__Firmicutes_A
258,s__Prevotella bergensis,p__Bacteroidota
259,s__Bacteroides_A coprophilus,p__Bacteroidota
260,s__Bacteroides fluxus,p__Bacteroidota
261,s__Intestinibacter bartlettii,p__Firmicutes_A
262,s__Bacteroides cellulosilyticus,p__Bacteroidota
263,s__Fusobacterium_C necrophorum,p__Fusobacteriota
264,s__Ruthenibacterium sp003149955,p__Firmicutes_A
265,s__KLE1615 sp900066985,p__Firmicutes_A
266,s__Phascolarctobacterium faecium,p__Firmicutes_C
267,s__Erysipelatoclostridium sp000752095,p__Firmicutes
268,s__Parabacteroides chinchillae,p__Bacteroidota
269,s__Bacteroides thetaiotaomicron,p__Bacteroidota
270,s__Bacteroides ovatus,p__Bacteroidota
271,s__Bacteroides togonis,p__Bacteroidota
272,s__CAG-41 sp900066215,p__Firmicutes_A
273,s__Clostridium_M sp001517625,p__Firmicutes_A
274,s__Akkermansia muciniphila_B,p__Verrucomicrobiota
275,s__Alistipes onderdonkii,p__Bacteroidota
276,s__Bacteroides fragilis_A,p__Bacteroidota
277,s__Prevotella sp000436595,p__Bacteroidota
278,s__Holdemanella sp002299315,p__Firmicutes
279,s__Odoribacter splanchnicus,p__Bacteroidota
280,s__Anaerotruncus colihominis,p__Firmicutes_A
281,s__UBA9502 sp003506385,p__Firmicutes_A
282,s__Escherichia coli_D,p__Proteobacteria
283,s__Tyzzerella nexilis,p__Firmicutes_A
284,s__Erysipelatoclostridium saccharogumia,p__Firmicutes
285,s__Parabacteroides johnsonii,p__Bacteroidota
286,s__Megasphaera sp001546855,p__Firmicutes_C
287,s__Sporanaerobacter acetigenes,p__Firmicutes_A
288,s__Faecalicatena gnavus,p__Firmicutes_A
289,s__Alistipes sp001941065,p__Bacteroidota
290,s__Erysipelatoclostridium sp003024675,p__Firmicutes
291,s__F0422 sp001553345,p__Firmicutes_C
292,s__Roseburia hominis,p__Firmicutes_A
293,s__Alistipes_A sp900240235,p__Bacteroidota
294,s__Prevotella melaninogenica,p__Bacteroidota
295,s__Bacteroides gallinarum,p__Bacteroidota
296,s__Duncaniella sp001689425,p__Bacteroidota
297,s__Bacteroides intestinalis_A,p__Bacteroidota
298,s__Clostridium_M sp000431375,p__Firmicutes_A
299,s__Bacteroides_A ilei,p__Bacteroidota
300,s__Bifidobacterium adolescentis,p__Actinobacteriota
301,s__Pseudoflavonifractor capillosus,p__Firmicutes_A
302,s__CAG-269 sp001916055,p__Firmicutes_A
303,s__Bacteroides eggerthii,p__Bacteroidota
304,s__Bacteroides salyersiae,p__Bacteroidota
305,s__Bacteroides faecis,p__Bacteroidota
306,s__Clostridium_Q symbiosum,p__Firmicutes_A
307,s__Porphyromonas somerae_A,p__Bacteroidota
308,s__Akkermansia sp001580195,p__Verrucomicrobiota
309,s__Bacteroides bouchesdurhonensis,p__Bacteroidota
310,s__Bacteroides sp003545565,p__Bacteroidota
311,s__Odoribacter laneus,p__Bacteroidota
312,s__Fournierella massiliensis,p__Firmicutes_A
313,s__Prevotella denticola,p__Bacteroidota
314,s__CAG-492 sp000434015,p__Firmicutes_A
315,s__Bacteroides_A barnesiae,p__Bacteroidota
316,s__Bacteroides pyogenes,p__Bacteroidota
317,s__Lachnospira sp000437735,p__Firmicutes_A
318,s__Paraprevotella xylaniphila,p__Bacteroidota
319,s__Zag1 sp000433095,p__Cyanobacteria
320,s__Enterococcus_A devriesei,p__Firmicutes
321,s__Coprobacter fastidiosus,p__Bacteroidota
322,s__Angelakisella sp003453215,p__Firmicutes_A
323,s__Lawsonibacter sp000177015,p__Firmicutes_A
324,s__Faecalitalea cylindroides,p__Firmicutes
325,s__Clostridium_Q saccharolyticum,p__Firmicutes_A
326,s__Bacteroides nordii,p__Bacteroidota
327,s__Dialister_A pneumosintes,p__Firmicutes_C
328,s__Massilimaliae timonensis,p__Firmicutes_A
329,s__Bacteroides_A sp000434735,p__Bacteroidota
330,s__Marvinbryantia formatexigens,p__Firmicutes_A
331,s__Paraprevotella clara,p__Bacteroidota
332,s__Prevotella oris,p__Bacteroidota
333,s__Escherichia fergusonii,p__Proteobacteria
334,s__Escherichia marmotae,p__Proteobacteria
335,s__Klebsiella_A michiganensis,p__Proteobacteria
336,s__Escherichia sp000208585,p__Proteobacteria
337,s__Dorea sp900240315,p__Firmicutes_A
338,s__Escherichia albertii,p__Proteobacteria
339,s__Pantoea brenneri,p__Proteobacteria
340,s__Salmonella enterica,p__Proteobacteria
341,s__Muribaculum intestinale,p__Bacteroidota
342,s__Streptococcus vestibularis,p__Firmicutes
343,s__Streptococcus salivarius,p__Firmicutes
344,s__CAG-1427 sp000436075,p__Actinobacteriota
345,s__K10 sp001941205,p__Bacteroidota
346,s__Prevotellamassilia sp000437675,p__Bacteroidota
347,s__Gastranaerophilus phascolarctosicola,p__Cyanobacteria
348,s__Atlantibacter hermannii,p__Proteobacteria
349,s__Acidovorax_D sp000302535,p__Proteobacteria
350,s__Butyricimonas sp002161485,p__Bacteroidota
351,s__Ruminococcus_A sp000432335,p__Firmicutes_A
352,s__Enterobacter himalayensis,p__Proteobacteria
353,s__Aeromonas hydrophila,p__Proteobacteria
354,s__Blautia_A sp000433815,p__Firmicutes_A
355,s__Clostridium saudiense,p__Firmicutes_A
356,s__Clostridium disporicum,p__Firmicutes_A
357,s__CAG-95 sp000436115,p__Firmicutes_A
358,s__Prevotella sp000431975,p__Bacteroidota
359,s__CAG-115 sp000432175,p__Firmicutes_A
360,s__CAG-115 sp003516865,p__Firmicutes_A
361,s__Bacteroides_A plebeius,p__Bacteroidota
362,s__Bifidobacterium sp002742445,p__Actinobacteriota
363,s__Bacteroides_A sp900066455,p__Bacteroidota
364,s__Faecalicatena sp001487105,p__Firmicutes_A
365,s__CAG-170 sp002404795,p__Firmicutes_A
366,s__Bacteroides_A sp000432735,p__Bacteroidota
367,s__Methanobrevibacter_A smithii,other
368,s__Methanobrevibacter_A smithii_A,other
369,s__Zag111 sp003258735,p__Cyanobacteria
370,s__Akkermansia muciniphila_A,p__Verrucomicrobiota
371,s__CAG-267 sp001917135,p__Proteobacteria
372,s__51-20 sp001917175,p__Proteobacteria
373,s__CAG-433 sp000433675,p__Firmicutes
374,s__Dorea sp000765215,p__Firmicutes_A
375,s__Ruminococcus_C sp000437255,p__Firmicutes_A
376,s__NK4A136 sp002314855,p__Firmicutes_A
377,s__Coprobacter secundus,p__Bacteroidota
378,s__Streptococcus sp001556435,p__Firmicutes
379,s__Phil1 sp001940855,p__Firmicutes_A
380,s__Ruminococcus_C sp000437175,p__Firmicutes_A
381,s__Ruminococcus sp002438605,p__Firmicutes_A
382,s__CAG-115 sp003531585,p__Firmicutes_A
383,s__Akkermansia muciniphila_C,p__Verrucomicrobiota
384,s__Acinetobacter johnsonii,p__Proteobacteria
385,s__UBA1191 sp900066305,p__Firmicutes_A
386,s__CAG-269 sp003525075,p__Firmicutes_A
387,s__RC9 sp000434935,p__Bacteroidota
388,s__RC9 sp000435075,p__Bacteroidota
389,s__Prevotella sp002251295,p__Bacteroidota
390,s__Prevotella colorans,p__Bacteroidota
391,s__Prevotella sp900315955,p__Bacteroidota
392,s__Prevotella sp002299635,p__Bacteroidota
393,s__Prevotella disiens,p__Bacteroidota
394,s__Parabacteroides sp900155425,p__Bacteroidota
395,s__Prevotella sp002251365,p__Bacteroidota
396,s__CAG-279 sp000437795,p__Bacteroidota
397,s__RC9 sp000433355,p__Bacteroidota
398,s__CAG-273 sp003534295,p__Firmicutes_A
399,s__Faecalicatena glycyrrhizinilyticum,p__Firmicutes_A
400,s__K10 sp001689515,p__Bacteroidota
401,s__Bifidobacterium catenulatum,p__Actinobacteriota
402,s__Bifidobacterium pseudocatenulatum,p__Actinobacteriota
403,s__Paenibacillus lactis,other
404,s__Bifidobacterium scardovii,p__Actinobacteriota
405,s__CAG-557 sp000435275,p__Firmicutes_A
406,s__CAG-245 sp000435175,p__Firmicutes_A
407,s__TF01-11 sp001916135,p__Firmicutes_A
408,s__Collinsella aerofaciens_F,p__Actinobacteriota
409,s__CAG-115 sp003507295,p__Firmicutes_A
410,s__Barnesiella sp002159975,p__Bacteroidota
411,s__C941 sp900321725,p__Bacteroidota
412,s__Prevotella sp002350355,p__Bacteroidota
413,s__Bacteroides_A sp002161565,p__Bacteroidota
414,s__UBA1685 sp002320595,p__Firmicutes_A
415,s__CAG-831 sp000432775,p__Bacteroidota
416,s__CAG-822 sp000432855,p__Firmicutes
417,s__Alistipes_A ihumii,p__Bacteroidota
418,s__Citrobacter freundii,p__Proteobacteria
419,s__Enterobacter_D kobei,p__Proteobacteria
420,s__CAG-988 sp003149915,p__Firmicutes
421,s__Parabacteroides gordonii,p__Bacteroidota
422,s__Acutalibacter sp000435395,p__Firmicutes_A
423,s__Agathobaculum desmolans,p__Firmicutes_A
424,s__Dorea sp900312975,p__Firmicutes_A
425,s__Faecalicatena sp002314255,p__Firmicutes_A
426,s__Providencia stuartii_B,p__Proteobacteria
427,s__Lactobacillus_B ruminis,p__Firmicutes
428,s__Bifidobacterium pullorum,p__Actinobacteriota
429,s__Turicibacter sp001543345,p__Firmicutes
430,s__CAG-81 sp000435795,p__Firmicutes_A
431,s__Emergencia sp900066695,p__Firmicutes_A
432,s__Bacteroides_A sp900066445,p__Bacteroidota
433,s__Catenibacterium sp000437715,p__Firmicutes
434,s__Catenibacterium mitsuokai,p__Firmicutes
435,s__Eubacterium_F sp000433735,p__Firmicutes_A
436,s__Butyricimonas synergistica,p__Bacteroidota
437,s__Anaeroglobus geminatus,p__Firmicutes_C
438,s__Emergencia timonensis,p__Firmicutes_A
439,s__Bacteroides cutis,p__Bacteroidota
440,s__Ruminococcus_F champanellensis,p__Firmicutes_A
441,s__Holdemanella biformis,p__Firmicutes
442,s__Massiliomicrobiota sp002160815,p__Firmicutes
443,s__Lawsonibacter sp900066645,p__Firmicutes_A
444,s__Massiliomicrobiota timonensis,p__Firmicutes
445,s__Desulfovibrio sp900319575,other
446,s__Lactobacillus_H vaginalis_A,p__Firmicutes
447,s__Lactobacillus gasseri_A,p__Firmicutes
448,s__CAG-83 sp000431575,p__Firmicutes_A
449,s__CAG-177 sp000431775,p__Firmicutes_A
450,s__Ruminiclostridium_E siraeum,p__Firmicutes_A
451,s__Bariatricus massiliensis,p__Firmicutes_A
452,s__Lawsonibacter sp002160305,p__Firmicutes_A
453,s__Murdochiella vaginalis,p__Firmicutes_A
454,s__UBA738 sp003522945,p__Firmicutes_A
455,s__CAG-170 sp003516765,p__Firmicutes_A
456,s__Oscillibacter sp001916835,p__Firmicutes_A
457,s__Lactobacillus_H antri,p__Firmicutes
458,s__Lactobacillus_H fermentum,p__Firmicutes
459,s__Lactobacillus_G buchneri,p__Firmicutes
460,s__Weissella confusa,p__Firmicutes
461,s__Anaerotignum lactatifermentans,p__Firmicutes_A
462,s__Streptococcus sp000187445,p__Firmicutes
463,s__CAG-390 sp000437015,p__Firmicutes_A
464,s__Bacteroides massiliensis,p__Bacteroidota
465,s__Dorea sp000433535,p__Firmicutes_A
466,s__CAG-617 sp000431275,p__Bacteroidota
467,s__CAG-451 sp000438295,p__Firmicutes
468,s__CAG-475 sp000434435,p__Firmicutes_A
469,s__Zag1 sp000438175,p__Cyanobacteria
470,s__CAG-495 sp001917125,p__Proteobacteria
471,s__CAG-449 sp000432895,p__Firmicutes
472,s__Anaerostipes sp000508985,p__Firmicutes_A
473,s__Blautia producta,p__Firmicutes_A
474,s__Clostridium_M lavalense,p__Firmicutes_A
475,s__CHH4-2 sp002899675,p__Firmicutes_A
476,s__Tyzzerella sp000209385,p__Firmicutes_A
477,s__Bacteroides ndongoniae,p__Bacteroidota
478,s__CAG-180 sp000432435,p__Firmicutes_A
479,s__Tidjanibacter inops,p__Bacteroidota
480,s__Dialister sp002320515,p__Firmicutes_C
481,s__CAG-417 sp000432835,p__Firmicutes
482,s__CAG-145 sp000435615,p__Firmicutes_A
483,s__CAG-115 sp002492075,p__Firmicutes_A
484,s__Ruminiclostridium_E sp003512525,p__Firmicutes_A
485,s__Bacteroides_A mediterraneensis,p__Bacteroidota
486,s__DTU089_A sp002440045,p__Firmicutes_A
487,s__CAG-724 sp003524145,p__Firmicutes_A
488,s__Streptococcus thermophilus,p__Firmicutes
489,s__CAG-194 sp000432915,p__Firmicutes_A
490,s__Bacteroides graminisolvens,p__Bacteroidota
491,s__Oscillibacter sp000436875,p__Firmicutes_A
492,s__Butyricimonas virosa,p__Bacteroidota
493,s__Butyricimonas sp900258545,p__Bacteroidota
494,s__Prevotella sp002251385,p__Bacteroidota
495,s__CAG-882 sp000435595,p__Firmicutes_A
496,s__Parasutterella sp000980495,p__Proteobacteria
497,s__CAG-1193 sp000436255,p__Firmicutes
498,s__COE1 sp001916965,p__Firmicutes_A
499,s__Mogibacterium timonense,p__Firmicutes_A
500,s__Bittarella massiliensis,p__Firmicutes_A
501,s__Ruminococcus_E sp002493635,p__Firmicutes_A
502,s__Eubacterium_F sp000434115,p__Firmicutes_A
503,s__Eubacterium_R sp002493325,p__Firmicutes_A
504,s__Dialister sp000434475,p__Firmicutes_C
505,s__Citrobacter werkmanii,p__Proteobacteria
506,s__Cronobacter malonaticus,p__Proteobacteria
507,s__Enterobacter bugandensis,p__Proteobacteria
508,s__43-108 sp001915545,p__Bacteroidota
509,s__Pantoea_B calida,p__Proteobacteria
510,s__Citrobacter_A amalonaticus_D,p__Proteobacteria
511,s__Citrobacter werkmanii_A,p__Proteobacteria
512,s__Gemmiger variabile,p__Firmicutes_A
513,s__Parabacteroides goldsteinii,p__Bacteroidota
514,s__CAG-762 sp000432575,p__Firmicutes
515,s__CAG-533 sp000434495,p__Firmicutes
516,s__CAG-628 sp003524085,p__Firmicutes
517,s__F23-B02 sp002472405,p__Firmicutes_A
518,s__CAG-536 sp000434355,p__Firmicutes
519,s__Butyricicoccus_A sp002395695,p__Firmicutes_A
520,s__Ruminococcus_D sp000434695,p__Firmicutes_A
521,s__Lactococcus lactis,p__Firmicutes
522,s__Streptococcus infantarius,p__Firmicutes
523,s__UBA1417 sp003531055,p__Firmicutes_A
524,s__V9D3004 sp002349525,p__Firmicutes_A
525,s__Anaerotignum sp000436415,p__Firmicutes_A
526,s__Bacteroides_A salanitronis,p__Bacteroidota
527,s__Prevotella timonensis,p__Bacteroidota
528,s__CAG-568 sp000434395,p__Firmicutes
529,s__Blautia hansenii,p__Firmicutes_A
530,s__Prevotella sp000433175,p__Bacteroidota
531,s__Anaerostipes caccae,p__Firmicutes_A
532,s__Hungatella sp000526575,p__Firmicutes_A
533,s__Allisonella histaminiformans,p__Firmicutes_C
534,s__Bifidobacterium thermacidophilum,p__Actinobacteriota
535,s__Streptococcus parasanguinis,p__Firmicutes
536,s__Murdochiella massiliensis,p__Firmicutes_A
537,s__Streptococcus oralis_AE,p__Firmicutes
538,s__Eubacterium callanderi,p__Firmicutes_A
539,s__UBA7096 sp002492425,p__Firmicutes_A
540,s__Clostridium_M bolteae,p__Firmicutes_A
541,s__CAG-1427 sp000431675,p__Actinobacteriota
542,s__Streptococcus equinus,p__Firmicutes
543,s__Muribaculum sp002492595,p__Bacteroidota
544,s__Dorea scindens,p__Firmicutes_A
545,s__Christensenella_A timonensis,p__Firmicutes_A
546,s__Bilophila wadsworthia,other
547,s__Alloscardovia omnicolens,p__Actinobacteriota
548,s__Megamonas funiformis,p__Firmicutes_C
549,s__Fusobacterium_A sp900015295,p__Fusobacteriota
550,s__Anaeromassilibacillus sp001305115,p__Firmicutes_A
551,s__OEMR01 sp900199515,p__Firmicutes
552,s__Pantoea agglomerans,p__Proteobacteria
553,s__Enterobacter kobei,p__Proteobacteria
554,s__CAG-465 sp000433755,p__Firmicutes_A
555,s__Eisenbergiella tayi,p__Firmicutes_A
556,s__Muribaculum sp002358615,p__Bacteroidota
557,s__Blautia sp002161285,p__Firmicutes_A
558,s__Faecalicatena orotica,p__Firmicutes_A
559,s__Clostridium_M clostridioforme,p__Firmicutes_A
560,s__Olsenella_E sp900119915,p__Actinobacteriota
561,s__Enorma massiliensis,p__Actinobacteriota
562,s__Absiella sp000163515,p__Firmicutes
563,s__Parasutterella excrementihominis,p__Proteobacteria
564,s__Eisenbergiella massiliensis,p__Firmicutes_A
565,s__Stomatobaculum longum,p__Firmicutes_A
566,s__Citrobacter_A farmeri,p__Proteobacteria
567,s__CAG-488 sp000434055,p__Firmicutes_A
568,s__Klebsiella pneumoniae,p__Proteobacteria
569,s__Lactobacillus_B murinus,p__Firmicutes
570,s__CAG-488 sp000434915,p__Firmicutes_A
571,s__Caecibacter massiliensis,p__Firmicutes_C
572,s__Absiella dolichum,p__Firmicutes
573,s__Coprobacillus cateniformis,p__Firmicutes
574,s__Lactonifactor longoviformis,p__Firmicutes_A
575,s__CAG-462 sp003489705,p__Bacteroidota
576,s__Bacillus_J andreraoultii,p__Firmicutes
577,s__UBA1394 sp900066845,p__Firmicutes_A
578,s__Enterococcus_B faecium,p__Firmicutes
579,s__Zag1 sp000437435,p__Cyanobacteria
580,s__Rothia mucilaginosa_B,p__Actinobacteriota
581,s__Fusobacterium_C gonidiaformans,p__Fusobacteriota
582,s__Ezakiella massiliensis,p__Firmicutes_A
583,s__Peptoniphilus_A harei_A,p__Firmicutes_A
584,s__F23-B02 sp001916715,p__Firmicutes_A
585,s__Prevotella bivia,p__Bacteroidota
586,s__Anaerofustis stercorihominis,p__Firmicutes_A
587,s__CAG-273 sp000437855,p__Firmicutes_A
588,s__CAG-273 sp003507395,p__Firmicutes_A
589,s__D5 sp900113995,p__Firmicutes_A
590,s__Prevotella sp000435635,p__Bacteroidota
591,s__Peptoniphilus_A lacrimalis,p__Firmicutes_A
592,s__Anaerococcus hydrogenalis,p__Firmicutes_A
593,s__CAG-273 sp000435755,p__Firmicutes_A
594,s__Clostridium baratii,p__Firmicutes_A
595,s__Sellimonas sp002161525,p__Firmicutes_A
596,s__Ruminococcus_E sp003521625,p__Firmicutes_A
597,s__Eubacterium_R sp000431535,p__Firmicutes_A
598,s__UBA5394 sp003150565,p__Firmicutes_A
599,s__Enterococcus faecalis,p__Firmicutes
600,s__UBA11774 sp003507655,p__Firmicutes_A
601,s__Blautia sp000432195,p__Firmicutes_A
602,s__Stomatobaculum naviforme,p__Firmicutes_A
603,s__Eubacterium_E sp002161065,p__Firmicutes_A
604,s__Lactococcus lactis_E,p__Firmicutes
605,s__Stoquefichus sp001244545,p__Firmicutes
606,s__UBA1820 sp003150615,p__Bacteroidota
607,s__Pygmaiobacter massiliensis,p__Firmicutes_A
608,s__Streptococcus parasanguinis_B,p__Firmicutes
609,s__Clostridium_M clostridioforme_A,p__Firmicutes_A
610,s__Clostridium_M citroniae,p__Firmicutes_A
611,s__Hungatella effluvii,p__Firmicutes_A
612,s__Clostridium_M asparagiforme,p__Firmicutes_A
613,s__Clostridioides difficile,p__Firmicutes_A
614,s__Clostridioides difficile_A,p__Firmicutes_A
615,s__Dialister sp900343095,p__Firmicutes_C
616,s__Acidaminococcus intestini,p__Firmicutes_C
617,s__Faecalicatena fissicatena,p__Firmicutes_A
618,s__Clostridium_X cadaveris,p__Firmicutes_A
619,s__Sellimonas intestinalis,p__Firmicutes_A
620,s__Veillonella parvula_A,p__Firmicutes_C
621,s__Veillonella parvula,p__Firmicutes_C
622,s__Clostridium_M sp000155435,p__Firmicutes_A
623,s__Veillonella dispar,p__Firmicutes_C
624,s__Clostridium neonatale,p__Firmicutes_A
625,s__Clostridium_J ihumii,p__Firmicutes_A
626,s__Dorea faecis,p__Firmicutes_A
627,s__Neisseria macacae,p__Proteobacteria
628,s__Streptococcus timonensis,p__Firmicutes
629,s__Lachnoclostridium_A sp002160755,p__Firmicutes_A
630,s__Dialister succinatiphilus,p__Firmicutes_C
631,s__Mitsuokella jalaludinii,p__Firmicutes_C
632,s__CAG-605 sp000433255,p__Firmicutes
633,s__CAG-269 sp001916065,p__Firmicutes_A
634,s__Paramuribaculum sp000431155,p__Bacteroidota
635,s__Clostridium sp000435835,p__Firmicutes_A
636,s__CAG-877 sp000433455,p__Firmicutes
637,s__Eggerthella lenta,p__Actinobacteriota
638,s__UBA1390 sp002305315,p__Firmicutes_A
639,s__Marseille-P3106 sp900169975,p__Firmicutes_A
640,s__CAG-485 sp002361235,p__Bacteroidota
641,s__Lactococcus garvieae,p__Firmicutes
642,s__Collinsella tanakaei,p__Actinobacteriota
643,s__Collinsella stercoris,p__Actinobacteriota
644,s__Slackia_A piriformis,p__Actinobacteriota
645,s__Mitsuokella multacida,p__Firmicutes_C
646,s__Succinivibrio sp000431835,p__Proteobacteria
647,s__Selenomonas_C bovis,p__Firmicutes_C
648,s__Selenomonas_C sp002351185,p__Firmicutes_C
649,s__Megasphaera elsdenii,p__Firmicutes_C
650,s__Acidaminococcus sp000437815,p__Firmicutes_C
651,s__Collinsella aerofaciens,p__Actinobacteriota
652,s__Lactobacillus apis,p__Firmicutes
653,s__Megasphaera sp000417505,p__Firmicutes_C
654,s__Acidaminococcus fermentans,p__Firmicutes_C
655,s__UBA5905 sp002437905,p__Firmicutes_A
656,s__CAG-536 sp900314505,p__Firmicutes
657,s__Anaerobiospirillum succiniciproducens,p__Proteobacteria
658,s__Mogibacterium sp002299625,p__Firmicutes_A
659,s__Phoenicibacter massiliensis,p__Actinobacteriota
660,s__Kluyvera ascorbata_B,p__Proteobacteria
661,s__Parabacteroides sp000436495,p__Bacteroidota
662,s__Alistipes timonensis,p__Bacteroidota
663,s__Christensenella minuta,p__Firmicutes_A
664,s__Acidaminococcus massiliensis,p__Firmicutes_C
665,s__CAG-1427 sp000435475,p__Actinobacteriota
666,s__Anaeromassilibacillus sp002159845,p__Firmicutes_A
667,s__UBA1777 sp002320035,p__Firmicutes_A
668,s__Streptococcus infantis_I,p__Firmicutes
669,s__Bifidobacterium angulatum,p__Actinobacteriota
670,s__UBA1206 sp000433115,p__Firmicutes_A
671,s__CAG-269 sp000438255,p__Firmicutes_A
672,s__CAG-1000 sp000436975,p__Firmicutes
673,s__Enterococcus_B durans,p__Firmicutes
674,s__Lachnoclostridium phytofermentans_A,p__Firmicutes_A
675,s__RC9 sp000431015,p__Bacteroidota
676,s__Gemella haemolysans_B,p__Firmicutes
677,s__UBA10677 sp003533505,p__Firmicutes_A
678,s__UBA1829 sp002338895,p__Verrucomicrobiota
679,s__Enterococcus_A avium,p__Firmicutes
680,s__Ruminococcus_G gauvreauii,p__Firmicutes_A
681,s__An181 sp002160325,p__Firmicutes_A
682,s__Lachnoclostridium_A edouardi,p__Firmicutes_A
683,s__UBA7173_A sp001915385,p__Bacteroidota
684,s__CAG-873 sp001701165,p__Bacteroidota
685,s__Eubacterium limosum_A,p__Firmicutes_A
686,s__Clostridium_Q sp000435655,p__Firmicutes_A
687,s__Fusobacterium_A mortiferum,p__Fusobacteriota
688,s__Paramuribaculum sp001689535,p__Bacteroidota
689,s__Prevotella jejuni,p__Bacteroidota
690,s__UBA1820 sp002314265,p__Bacteroidota
691,s__Lactobacillus_B salivarius,p__Firmicutes
692,s__Streptococcus lutetiensis,p__Firmicutes
693,s__Sutterella wadsworthensis_B,p__Proteobacteria
694,s__CAG-617 sp000438115,p__Bacteroidota
695,s__Lawsonibacter asaccharolyticus,p__Firmicutes_A
696,s__Romboutsia timonensis,p__Firmicutes_A
697,s__Holdemania sp900120005,p__Firmicutes
698,s__Nissabacter archeti,p__Proteobacteria
699,s__Enterococcus_B pernyi,p__Firmicutes
700,s__Serratia marcescens_I,p__Proteobacteria
701,s__Listeria innocua,p__Firmicutes
702,s__Enterococcus_D casseliflavus,p__Firmicutes
703,s__Pseudescherichia vulneris,p__Proteobacteria
704,s__Plesiomonas shigelloides,p__Proteobacteria
705,s__Eubacterium limosum,p__Firmicutes_A
706,s__UBA10281 sp000437515,p__Firmicutes_A
707,s__Parabacteroides bouchesdurhonensis,p__Bacteroidota
708,s__Oscillibacter ruminantium,p__Firmicutes_A
709,s__Ruminococcus_E bromii_A,p__Firmicutes_A
710,s__Desulfovibrio piger,other
711,s__Desulfovibrio piger_A,other
712,s__UBA1777 sp003150355,p__Firmicutes_A
713,s__F23-B02 sp000431075,p__Firmicutes_A
714,s__CAG-448 sp003150135,p__Firmicutes_A
715,s__F23-B02 sp003533405,p__Firmicutes_A
716,s__CAG-103 sp000432375,p__Firmicutes_A
717,s__CAG-83 sp900313295,p__Firmicutes_A
718,s__CAG-841 sp000437375,p__Firmicutes_A
719,s__Barnesiella sp003150885,p__Bacteroidota
720,s__Phocea massiliensis,p__Firmicutes_A
721,s__CAG-878 sp000432255,p__Firmicutes
722,s__Bifidobacterium dentium,p__Actinobacteriota
723,s__Pauljensenia keddieii,p__Actinobacteriota
724,s__GCA-900066755 sp900066755,p__Firmicutes_A
725,s__Bifidobacterium gallinarum,p__Actinobacteriota
726,s__Parvimonas sp001553085,p__Firmicutes_A
727,s__CAG-288 sp000437395,p__Firmicutes
728,s__Succinivibrio sp003456415,p__Proteobacteria
729,s__Fusobacterium periodonticum_D,p__Fusobacteriota
730,s__Fusobacterium_A varium_B,p__Fusobacteriota
731,s__CAG-274 sp000432155,p__Firmicutes_A
732,s__Acidaminococcus timonensis,p__Firmicutes_C
733,s__Streptococcus sp002300045,p__Firmicutes
734,s__CAG-145 sp003150015,p__Firmicutes_A
735,s__Lactobacillus_D curvatus,p__Firmicutes
736,s__Peptostreptococcus russellii_A,p__Firmicutes_A
737,s__Streptococcus oralis,p__Firmicutes
738,s__CAG-488 sp003486665,p__Firmicutes_A
739,s__Monoglobus pectinilyticus,p__Firmicutes_A
740,s__Ruminococcus_A sp000437095,p__Firmicutes_A
741,s__Lachnospira sp900316325,p__Firmicutes_A
742,s__CAG-245 sp000434195,p__Firmicutes_A
743,s__UBA1259 sp003523255,p__Firmicutes_A
744,s__RC9 sp000432655,p__Bacteroidota
745,s__RC9 sp000432515,p__Bacteroidota
746,s__UBA2883 sp002103075,p__Cyanobacteria
747,s__Prevotella buccae,p__Bacteroidota
748,s__Bacteroides_A sp002161765,p__Bacteroidota
749,s__CAG-272 sp000433515,p__Firmicutes_A
750,s__GCA-900066495 sp900066495,p__Firmicutes_A
751,s__CAG-314 sp000437915,p__Firmicutes_A
752,s__CAG-1024 sp000432015,p__Firmicutes_A
753,s__Prevotella veroralis,p__Bacteroidota
754,s__Prevotella salivae,p__Bacteroidota
755,s__F0040 sp900095835,p__Bacteroidota
756,s__Parvimonas micra,p__Firmicutes_A
757,s__Fusobacterium sp000235465,p__Fusobacteriota
758,s__CAG-631 sp000433015,p__Firmicutes
759,s__Enterococcus_C massiliensis,p__Firmicutes
760,s__Fusobacterium nucleatum,p__Fusobacteriota
761,s__Fusobacterium massiliense,p__Fusobacteriota
762,s__Porphyromonas uenonis_A,p__Bacteroidota
763,s__Anaerococcus obesiensis,p__Firmicutes_A
764,s__CAG-917 sp000437555,p__Firmicutes_A
765,s__Cronobacter sakazakii,p__Proteobacteria
766,s__Enterobacter cloacae,p__Proteobacteria
767,s__Klebsiella_A grimontii,p__Proteobacteria
768,s__Kluyvera ascorbata,p__Proteobacteria
769,s__Metakosakonia intestini,p__Proteobacteria
770,s__Metakosakonia massiliensis,p__Proteobacteria
771,s__Citrobacter portucalensis,p__Proteobacteria
772,s__Klebsiella_A oxytoca,p__Proteobacteria
773,s__Anaerotignum sp001304995,p__Firmicutes_A
774,s__Raoultella ornithinolytica,p__Proteobacteria
775,s__Klebsiella variicola,p__Proteobacteria
776,s__Enterobacter sesami,p__Proteobacteria
777,s__Anaerococcus vaginalis_B,p__Firmicutes_A
778,s__Treponema_D succinifaciens,other
779,s__Treponema_D sp002449305,other
780,s__Treponema_D sp002478955,other
781,s__CAG-465 sp000433135,p__Firmicutes_A
782,s__CAG-582 sp000435515,p__Firmicutes
783,s__Murimonas intestini,p__Firmicutes_A
784,s__UBA3388 sp002358835,p__Bacteroidota
785,s__Muribaculum sp002473395,p__Bacteroidota
786,s__Salmonella bongori,p__Proteobacteria
787,s__Methanobrevibacter_A oralis,other
788,s__Victivallis vadensis,p__Verrucomicrobiota
789,s__Lachnoclostridium sp900078195,p__Firmicutes_A
790,s__Varibaculum cambriense_B,p__Actinobacteriota
791,s__Agathobaculum sp900291975,p__Firmicutes_A
792,s__Klebsiella quasivariicola,p__Proteobacteria
793,s__CAG-1435 sp000433775,p__Firmicutes_A
794,s__Porphyromonas asaccharolytica,p__Bacteroidota
795,s__Porphyromonas somerae,p__Bacteroidota
796,s__UBA6984 sp003258725,p__Cyanobacteria
797,s__Clostridium butyricum,p__Firmicutes_A
798,s__Zag1 sp001917115,p__Cyanobacteria
799,s__Citrobacter_A sedlakii,p__Proteobacteria
800,s__Klebsiella quasipneumoniae,p__Proteobacteria
801,s__Lactobacillus amylovorus,p__Firmicutes
802,s__Lactobacillus acidophilus,p__Firmicutes
803,s__Pantoea conspicua,p__Proteobacteria
804,s__CAG-312 sp002437405,p__Verrucomicrobiota
805,s__Weissella viridescens,p__Firmicutes
806,s__Vagococcus teuberi,p__Firmicutes
807,s__Lactobacillus gasseri,p__Firmicutes
808,s__Lactobacillus crispatus,p__Firmicutes
809,s__Lactobacillus johnsonii,p__Firmicutes
810,s__Lactobacillus_H oris,p__Firmicutes
811,s__Lactobacillus_H mucosae,p__Firmicutes
812,s__Lactobacillus ultunensis,p__Firmicutes
813,s__Lactobacillus helveticus,p__Firmicutes
814,s__Lactobacillus gallinarum,p__Firmicutes
815,s__Lactobacillus_G brevis,p__Firmicutes
816,s__Lactobacillus intestinalis,p__Firmicutes
817,s__Lactobacillus_G sanfranciscensis,p__Firmicutes
818,s__Massilioclostridium methylpentosum,p__Firmicutes_A
819,s__Acutalibacter sp000432995,p__Firmicutes_A
820,s__Leuconostoc lactis_B,p__Firmicutes
821,s__Streptococcus oralis_E,p__Firmicutes
822,s__Scardovia wiggsiae,p__Actinobacteriota
823,s__Enterobacter cloacae_K,p__Proteobacteria
824,s__Pluralibacter gergoviae,p__Proteobacteria
825,s__Cedecea davisae,p__Proteobacteria
826,s__Yersinia frederiksenii_C,p__Proteobacteria
827,s__F082 sp002633315,p__Bacteroidota
828,s__Eubacterium_R sp003526845,p__Firmicutes_A
829,s__Mogibacterium sp900315625,p__Firmicutes_A
830,s__Streptococcus anginosus_C,p__Firmicutes
831,s__UBA9506 sp003506415,p__Firmicutes_A
832,s__Lactococcus petauri,p__Firmicutes
833,s__Parabacteroides timonensis,p__Bacteroidota
834,s__CAG-485 sp900321585,p__Bacteroidota
835,s__CAG-632 sp000431515,p__Firmicutes_A
836,s__Prevotella sp900316565,p__Bacteroidota
837,s__Prevotella sp002300055,p__Bacteroidota
838,s__Alloprevotella tannerae,p__Bacteroidota
839,s__CAG-884 sp000433875,p__Firmicutes
840,s__Prevotella sp002265625,p__Bacteroidota
841,s__CAG-460 sp000438075,p__Firmicutes
842,s__CAG-791 sp000431495,p__Firmicutes_A
843,s__Dielma sp001305055,p__Firmicutes
844,s__Hungatella_A hathewayi,p__Firmicutes_A
845,s__Erysipelatoclostridium spiroforme,p__Firmicutes
846,s__Senegalimassilia anaerobia,p__Actinobacteriota
847,s__Klebsiella_B aerogenes,p__Proteobacteria
848,s__Olsenella_E provencensis,p__Actinobacteriota
849,s__Adlercreutzia equolifaciens,p__Actinobacteriota
850,s__Gemella morbillorum,p__Firmicutes
851,s__QALS01 sp003150575,p__Firmicutes_A
852,s__Faecalicoccus pleomorphus,p__Firmicutes
853,s__Anaerotruncus sp900199635,p__Firmicutes_A
854,s__Dorea sp001185345,p__Firmicutes_A
855,s__Laribacter hongkongensis,p__Proteobacteria
856,s__Peptostreptococcus sp000758885,p__Firmicutes_A
857,s__Leuconostoc mesenteroides,p__Firmicutes
858,s__CAG-269 sp001916005,p__Firmicutes_A
859,s__Stomatobaculum sp002892395,p__Firmicutes_A
860,s__Prevotella amnii,p__Bacteroidota
861,s__UBA7597 sp003448195,p__Firmicutes_A
862,s__Alistipes sp900021155,p__Bacteroidota
863,s__Prevotella multisaccharivorax,p__Bacteroidota
864,s__CAG-312 sp000438015,p__Verrucomicrobiota
865,s__CAG-302 sp000431795,p__Firmicutes
866,s__Methanobrevibacter_A woesei,other
867,s__CAG-390 sp003523225,p__Firmicutes_A
868,s__Pantoea septica,p__Proteobacteria
869,s__Enterobacter cloacae_B,p__Proteobacteria
870,s__CAG-492 sp000434335,p__Firmicutes_A
871,s__Phascolarctobacterium sp000436095,p__Firmicutes_C
872,s__Solobacterium moorei,p__Firmicutes
873,s__Fenollaria massiliensis,p__Firmicutes_A
874,s__Fusobacterium vincentii,p__Fusobacteriota
875,s__Varibaculum_A timonense,p__Firmicutes_A
876,s__Lachnoanaerobaculum umeaense,p__Firmicutes_A
877,s__Veillonella dispar_A,p__Firmicutes_C
878,s__Peptostreptococcus stomatis,p__Firmicutes_A
879,s__Campylobacter_A concisus_B,other
880,s__Finegoldia magna_H,p__Firmicutes_A
881,s__Peptoniphilus_E obesi,p__Firmicutes_A
882,s__Sneathia amnii,p__Fusobacteriota
883,s__Veillonella atypica,p__Firmicutes_C
884,s__Clostridium celatum,p__Firmicutes_A
885,s__Fusobacterium_A varium_A,p__Fusobacteriota
886,s__Lactobacillus_G hilgardii,p__Firmicutes
887,s__Citrobacter pasteurii,p__Proteobacteria
888,s__KLE1796 sp001580115,p__Firmicutes
889,s__Yersinia pestis,p__Proteobacteria
890,s__QAMX01 sp003149835,p__Firmicutes_A
891,s__Metakosakonia sp002377245,p__Proteobacteria
892,s__Haemophilus_A parahaemolyticus,p__Proteobacteria
893,s__Brachyspira pilosicoli,other
894,s__Weissella cibaria,p__Firmicutes
895,s__Enterococcus_C asini,p__Firmicutes
896,s__Brachyspira sp000431595,other
897,s__CAG-273 sp000438355,p__Firmicutes_A
898,s__FJAT-27916 sp001183965,p__Firmicutes
899,s__CAG-793 sp000433915,p__Firmicutes_A
900,s__Turicibacter sanguinis,p__Firmicutes
901,s__Prevotella sp002480935,p__Bacteroidota
902,s__CAG-462 sp900291465,p__Bacteroidota
903,s__Enterococcus_G italicus,p__Firmicutes
904,s__Streptococcus anginosus,p__Firmicutes
905,s__Alistipes sp900290115,p__Bacteroidota
906,s__Duodenibacillus massiliensis,p__Proteobacteria
907,s__Collinsella sp000763055,p__Actinobacteriota
908,s__Actinobaculum massiliense,p__Actinobacteriota
909,s__Lachnoanaerobaculum saburreum_A,p__Firmicutes_A
910,s__Bacteroides neonati,p__Bacteroidota
911,s__Butyricimonas sp900184685,p__Bacteroidota
912,s__Collinsella ihuae,p__Actinobacteriota
913,s__Citrobacter europaeus,p__Proteobacteria
914,s__Morganella morganii,p__Proteobacteria
915,s__Enterococcus_A gilvus,p__Firmicutes
916,s__Yokenella regensburgei,p__Proteobacteria
917,s__UBA4877 sp002399345,p__Firmicutes_A
918,s__CAG-594 sp000434835,p__Firmicutes
919,s__CAG-1435 sp003537755,p__Firmicutes_A
920,s__Prevotella buccalis,p__Bacteroidota
921,s__Gabonibacter massiliensis,p__Bacteroidota
922,s__UBA11452 sp003526375,p__Verrucomicrobiota
923,s__Fibrobacter_A intestinalis,other
924,s__Enterobacter mori,p__Proteobacteria
925,s__UBA1822 sp002314995,p__Firmicutes_C
926,s__UC5-1-2E3 sp001304875,p__Firmicutes_A
927,s__Acidaminococcus sp900291475,p__Firmicutes_C
928,s__UBA11512 sp003522145,p__Firmicutes_A
929,s__CAG-452 sp000434035,p__Firmicutes_A
930,s__Fusobacterium nucleatum_E,p__Fusobacteriota
931,s__Lactobacillus_C saniviri,p__Firmicutes
932,s__Veillonella_A seminalis,p__Firmicutes_C
933,s__Megasphaera massiliensis,p__Firmicutes_C
934,s__Bifidobacterium vaginale_E,p__Actinobacteriota
935,s__CAG-1031 sp000431215,p__Bacteroidota
936,s__Provencibacterium massiliense,p__Firmicutes_A
937,s__Dakarella massiliensis,p__Proteobacteria
938,s__Alistipes_A indistinctus,p__Bacteroidota
939,s__CAG-110 sp000435995,p__Firmicutes_A
940,s__QALW01 sp003150515,p__Firmicutes_A
941,s__Negativibacillus sp000435195,p__Firmicutes_A
942,s__Streptococcus sp000479315,p__Firmicutes
943,s__UCG-010 sp003150215,p__Firmicutes_A
944,s__Lactobacillus_G kefiri,p__Firmicutes
945,s__Mailhella sp003150275,other
946,s__Bradyrhizobium sp000015165,p__Proteobacteria
947,s__Duncaniella sp001701225,p__Bacteroidota
948,s__Haemophilus_D parainfluenzae_M,p__Proteobacteria
949,s__Metakosakonia intermedia,p__Proteobacteria
950,s__Succiniclasticum sp900315805,p__Firmicutes_C
951,s__Cloacibacillus evryensis,other
952,s__Cloacibacillus porcorum,other
953,s__CAG-791 sp900315055,p__Firmicutes_A
954,s__Dysgonomonas sp900079735,p__Bacteroidota
955,s__Rikenella microfusus,p__Bacteroidota
956,s__Citrobacter portucalensis_A,p__Proteobacteria
957,s__Enteroscipio rubneri,p__Actinobacteriota
958,s__Streptococcus oralis_S,p__Firmicutes
959,s__CAG-611 sp000434175,p__Firmicutes
960,s__UBA644 sp002299265,p__Firmicutes_A
961,s__CAG-448 sp000433415,p__Firmicutes_A
962,s__Lancefieldella sp000564995,p__Actinobacteriota
963,s__An172 sp002160515,p__Firmicutes_A
964,s__Collinsella intestinalis,p__Actinobacteriota
965,s__CAG-1138 sp000434675,p__Firmicutes_A
966,s__Pseudobutyrivibrio fibrisolvens,p__Firmicutes_A
967,s__Fusobacterium_A ulcerans,p__Fusobacteriota
968,s__Erysipelatoclostridium sp002160495,p__Firmicutes
969,s__CAG-495 sp000436375,p__Proteobacteria
970,s__Streptococcus constellatus,p__Firmicutes
971,s__Streptococcus sp000411475,p__Firmicutes
972,s__S5-A14a sp000758905,p__Firmicutes_A
973,s__CAG-521 sp000437635,p__Proteobacteria
974,s__Gemella sanguinis,p__Firmicutes
975,s__Oribacterium sinus,p__Firmicutes_A
976,s__Methanosphaera cuniculi,other
977,s__Blautia hominis,p__Firmicutes_A
978,s__Veillonella tobetsuensis,p__Firmicutes_C
979,s__Haemophilus_D parainfluenzae,p__Proteobacteria
980,s__Neisseria subflava_B,p__Proteobacteria
981,s__Streptococcus gordonii,p__Firmicutes
982,s__Fusobacterium polymorphum,p__Fusobacteriota
983,s__Prevotella intermedia,p__Bacteroidota
984,s__Veillonella rogosae,p__Firmicutes_C
985,s__Neisseria sp000186165,p__Proteobacteria
986,s__Veillonella infantium,p__Firmicutes_C
987,s__Streptococcus mitis,p__Firmicutes
988,s__Prevotella nigrescens,p__Bacteroidota
989,s__Peptoniphilus_A senegalensis,p__Firmicutes_A
990,s__UBA1409 sp002491605,p__Firmicutes_A
991,s__Proteus sp001722135,p__Proteobacteria
992,s__Pauljensenia sp001838165,p__Actinobacteriota
993,s__Pauljensenia sp000278725,p__Actinobacteriota
994,s__Haemophilus influenzae,p__Proteobacteria
995,s__Haemophilus sp002998595,p__Proteobacteria
996,s__Lancefieldella parvula,p__Actinobacteriota
997,s__Paraclostridium massiliensis,p__Firmicutes_A
998,s__Streptococcus mitis_AC,p__Firmicutes
999,s__Streptococcus pseudopneumoniae_O,p__Firmicutes
1000,s__CAG-460 sp000437315,p__Firmicutes
1001,s__Lachnoanaerobaculum sp000296385,p__Firmicutes_A
1002,s__UBA1409 sp002338885,p__Firmicutes_A
1003,s__Collinsella sp000434535,p__Actinobacteriota
1004,s__UBA1691 sp002320555,p__Firmicutes_A
1005,s__Prevotella sp002481295,p__Bacteroidota
1006,s__Desulfovibrio sp002159665,other
1007,s__Bacillus_W rubiinfantis,p__Firmicutes
1008,s__Gordonibacter pamelaeae,p__Actinobacteriota
1009,s__Ralstonia pickettii,p__Proteobacteria
1010,s__Lactococcus raffinolactis,p__Firmicutes
1011,s__Anaerotruncus rubiinfantis,p__Firmicutes_A
1012,s__Methanosphaera sp900322125,other
1013,s__Streptococcus peroris,p__Firmicutes
1014,s__Citrobacter_B koseri,p__Proteobacteria
1015,s__Granulicatella sp001071995,p__Firmicutes
1016,s__Prevotella sp900317685,p__Bacteroidota
1017,s__Muribaculum sp003150235,p__Bacteroidota
1018,s__Haemophilus_D parainfluenzae_L,p__Proteobacteria
1019,s__Lactobacillus_H vaginalis,p__Firmicutes
1020,s__Haemophilus_D parainfluenzae_K,p__Proteobacteria
1021,s__Lactobacillus amylolyticus,p__Firmicutes
1022,s__Aggregatibacter segnis,p__Proteobacteria
1023,s__Haemophilus_D parainfluenzae_J,p__Proteobacteria
1024,s__Haemophilus_D parainfluenzae_N,p__Proteobacteria
1025,s__Megasphaera sp002319965,p__Firmicutes_C
1026,s__Vitreoscilla massiliensis,p__Proteobacteria
1027,s__Vibrio metoecus,p__Proteobacteria
1028,s__Veillonella_A sp000431435,p__Firmicutes_C
1029,s__Enterobacter nimipressuralis,p__Proteobacteria
1030,s__Enterobacter ludwigii,p__Proteobacteria
1031,s__Citrobacter braakii,p__Proteobacteria
1032,s__Peptoniphilus_B duerdenii,p__Firmicutes_A
1033,s__Porphyromonas endodontalis,p__Bacteroidota
1034,s__Lactobacillus delbrueckii,p__Firmicutes
1035,s__Lactobacillus delbrueckii_A,p__Firmicutes
1036,s__Pseudomonas_E putida_P,p__Proteobacteria
1037,s__Enterobacter_A timonensis,p__Proteobacteria
1038,s__Lactobacillus_C rhamnosus,p__Firmicutes
1039,s__Lactobacillus_D sakei,p__Firmicutes
1040,s__Lactobacillus_C paracasei,p__Firmicutes
1041,s__Anaeroglobus micronuciformis,p__Firmicutes_C
1042,s__Peptoniphilus_A rhinitidis,p__Firmicutes_A
1043,s__Lactobacillus_G senioris,p__Firmicutes
1044,s__Lactobacillus_C zeae,p__Firmicutes
1045,s__Lactobacillus_F plantarum,p__Firmicutes
1046,s__Veillonella sp002959755,p__Firmicutes_C
1047,s__Peptococcus niger,p__Firmicutes_B
1048,s__Proteus terrae,p__Proteobacteria
1049,s__Yersinia frederiksenii,p__Proteobacteria
1050,s__Granulicatella adiacens,p__Firmicutes
1051,s__Clostridium paraputrificum,p__Firmicutes_A
1052,s__Pantoea ananatis,p__Proteobacteria
1053,s__Yersinia aleksiciae,p__Proteobacteria
1054,s__Rothia mucilaginosa,p__Actinobacteriota
1055,s__Rothia mucilaginosa_A,p__Actinobacteriota
1056,s__Haemophilus_A sputorum,p__Proteobacteria
1057,s__Rothia sp001808955,p__Actinobacteriota
1058,s__CAG-485 sp000437495,p__Bacteroidota
1059,s__Megamonas hypermegale,p__Firmicutes_C
1060,s__Clostridium septicum,p__Firmicutes_A
1061,s__Enterobacter cancerogenus,p__Proteobacteria
1062,s__Corynebacterium aurimucosum_E,p__Actinobacteriota
1063,s__Tener-01 sp001940985,p__Firmicutes
1064,s__Chryseobacterium_B bovis,p__Bacteroidota
1065,s__Dysgonomonas capnocytophagoides,p__Bacteroidota
1066,s__CAG-313 sp003539625,p__Firmicutes
1067,s__Haemophilus_A paraphrohaemolyticus,p__Proteobacteria
1068,s__Olsenella_B sp000752675,p__Actinobacteriota
1069,s__Victivallis sp002998355,p__Verrucomicrobiota
1070,s__Bifidobacterium pseudolongum_A,p__Actinobacteriota
1071,s__RC9 sp001915575,p__Bacteroidota
1072,s__F0040 sp000318095,p__Bacteroidota
1073,s__Succiniclasticum sp900316935,p__Firmicutes_C
1074,s__Clostridium_E merdae,p__Firmicutes_A
1075,s__Negativicoccus succinicivorans,p__Firmicutes_C
1076,s__Streptococcus mutans,p__Firmicutes
1077,s__CAG-484 sp900321895,p__Cyanobacteria
1078,s__Streptococcus mitis_D,p__Firmicutes
1079,s__Streptococcus oralis_V,p__Firmicutes
1080,s__Haemophilus_D pittmaniae,p__Proteobacteria
1081,s__CAG-628 sp000438415,p__Firmicutes
1082,s__Collinsella bouchesdurhonensis,p__Actinobacteriota
1083,s__Holdemania massiliensis,p__Firmicutes
1084,s__Porphyromonas uenonis,p__Bacteroidota
1085,s__Clostridium_B tyrobutyricum,p__Firmicutes_A
1086,s__Porphyromonas bennonis,p__Bacteroidota
1087,s__UBA5809 sp002417965,p__Firmicutes_C
1088,s__Anaeroglobus massiliensis,p__Firmicutes_C
1089,s__Yersinia kristensenii,p__Proteobacteria
1090,s__Faecalicatena contorta_B,p__Firmicutes_A
1091,s__Peptoniphilus_A phoceensis,p__Firmicutes_A
1092,s__Holdemania filiformis,p__Firmicutes
1093,s__CAG-521 sp002329575,p__Proteobacteria
1094,s__Gordonibacter urolithinfaciens,p__Actinobacteriota
1095,s__Edwardsiella tarda,p__Proteobacteria
1096,s__Bifidobacterium animalis,p__Actinobacteriota
1097,s__Yersinia intermedia,p__Proteobacteria
1098,s__Pseudomonas aeruginosa,p__Proteobacteria
1099,s__Pantoea anthophila,p__Proteobacteria
1100,s__Clostridium_E sporosphaeroides,p__Firmicutes_A
1101,s__GCA-900066905 sp900066905,p__Firmicutes_A
1102,s__Olsenella_E sp003150175,p__Actinobacteriota
1103,s__Clostridium tertium,p__Firmicutes_A
1104,s__Campylobacter_A concisus,other
1105,s__Paeniclostridium sordellii,p__Firmicutes_A
1106,s__CAG-269 sp000437215,p__Firmicutes_A
1107,s__CAG-495 sp000432275,p__Proteobacteria
1108,s__UBA7748 sp900314535,p__Actinobacteriota
1109,s__Enterococcus_C dispar,p__Firmicutes
1110,s__Enterococcus caccae,p__Firmicutes
1111,s__Olsenella_E sp002159735,p__Actinobacteriota
1112,s__Succinatimonas hippei,p__Proteobacteria
1113,s__Pseudomonas_E fulva,p__Proteobacteria
1114,s__CAG-307 sp001916215,p__Firmicutes
1115,s__Sutterella parvirubra,p__Proteobacteria
1116,s__Aeromonas dhakensis,p__Proteobacteria
1117,s__CAG-460 sp000437355,p__Firmicutes
1118,s__Fusobacterium periodonticum_B,p__Fusobacteriota
1119,s__Brevibacillus_C massiliensis,other
1120,s__Collinsella sp003487125,p__Actinobacteriota
1121,s__Clostridium_E jeddahense,p__Firmicutes_A
1122,s__Lactobacillus_E coryniformis,p__Firmicutes
1123,s__Fenollaria timonensis,p__Firmicutes_A
1124,s__Leclercia adecarboxylata_C,p__Proteobacteria
1125,s__Enterococcus_D gallinarum,p__Firmicutes
1126,s__Peptostreptococcus russellii,p__Firmicutes_A
1127,s__Providencia rustigianii,p__Proteobacteria
1128,s__UBA7173 sp001701135,p__Bacteroidota
1129,s__CAG-465 sp000433335,p__Firmicutes_A
1130,s__Terrisporobacter glycolicus_A,p__Firmicutes_A
1131,s__Fusobacterium animalis,p__Fusobacteriota
1132,s__Acidovorax_D temperans,p__Proteobacteria
1133,s__Lactobacillus kalixensis,p__Firmicutes
1134,s__CAG-485 sp001701295,p__Bacteroidota
1135,s__Yersinia enterocolitica,p__Proteobacteria
1136,s__CAG-312 sp001917305,p__Verrucomicrobiota
1137,s__Pauljensenia turicensis,p__Actinobacteriota
1138,s__Rahnella sp003263545,p__Proteobacteria
1139,s__Dielma fastidiosa,p__Firmicutes
1140,s__Succiniclasticum sp900314855,p__Firmicutes_C
1141,s__Clostridium_P perfringens,p__Firmicutes_A
1142,s__Oxalobacter formigenes_A,p__Proteobacteria
1143,s__Acinetobacter junii,p__Proteobacteria
1144,s__Proteus mirabilis,p__Proteobacteria
1145,s__Paenibacillus amylolyticus_C,other
1146,s__Lactobacillus hominis,p__Firmicutes
1147,s__Olsenella_E sp002160255,p__Actinobacteriota
1148,s__Aeromonas veronii,p__Proteobacteria
1149,s__Vibrio cholerae,p__Proteobacteria
1150,s__Vibrio furnissii,p__Proteobacteria
1151,s__CAG-698 sp000431235,p__Firmicutes
1152,s__Anaerosalibacter_A massiliensis,p__Firmicutes_A
1153,s__Serratia sp001642805,p__Proteobacteria
1154,s__Dorea phocaeense,p__Firmicutes_A
1155,s__Blautia_A hydrogenotrophica,p__Firmicutes_A
1156,s__CAG-485 sp002491165,p__Bacteroidota
1157,s__Desulfovibrio fairfieldensis,other
1158,s__Hafnia alvei,p__Proteobacteria
1159,s__Turicimonas muris,p__Proteobacteria
1160,s__Zag111 sp002103105,p__Cyanobacteria
1161,s__CAG-776 sp000438195,p__Firmicutes
1162,s__Neisseria gonorrhoeae,p__Proteobacteria
1163,s__UCG-010 sp003150115,p__Firmicutes_A
1164,s__CAG-552 sp000435495,p__Firmicutes_A
1165,s__UBA11475 sp003538975,p__Firmicutes_A
1166,s__RUG841 sp900313795,p__Cyanobacteria
1167,s__QHMH01 sp003258795,p__Cyanobacteria
1168,s__CAG-306 sp000980375,p__Cyanobacteria
1169,s__Providencia rettgeri_C,p__Proteobacteria
1170,s__CAG-345 sp000433315,p__Firmicutes
1171,s__Kosakonia cowanii,p__Proteobacteria
1172,s__Anaerococcus sp001182725,p__Firmicutes_A
1173,s__Kallipyga massiliensis,p__Firmicutes_A
1174,s__Lactobacillus_G parafarraginis,p__Firmicutes
1175,s__UBA11517 sp003522085,p__Firmicutes_A
1176,s__Anaerosporobacter mobilis,p__Firmicutes_A
1177,s__Serratia liquefaciens,p__Proteobacteria
1178,s__Bacillus_A thuringiensis_S,p__Firmicutes
1179,s__CAG-1000 sp000434555,p__Firmicutes
1180,s__Yersinia kristensenii_B,p__Proteobacteria
1181,s__Corynebacterium provencense,p__Actinobacteriota
1182,s__Campylobacter_B ureolyticus,other
1183,s__Salinicola tamaricis,p__Proteobacteria
1184,s__CAG-1427 sp000435675,p__Actinobacteriota
1185,s__Gordonibacter massiliensis,p__Actinobacteriota
1186,s__Stenotrophomonas maltophilia_F,p__Proteobacteria
1187,s__Cardiobacterium valvarum,p__Proteobacteria
1188,s__Enterococcus_A raffinosus,p__Firmicutes
1189,s__QAMH01 sp003149935,p__Actinobacteriota
1190,s__Arabia massiliensis,p__Actinobacteriota
1191,s__Collinsella phocaeensis,p__Actinobacteriota
1192,s__Corynebacterium bouchesdurhonense,p__Actinobacteriota
1193,s__CAG-312 sp002405555,p__Verrucomicrobiota
1194,s__Rothia aeria,p__Actinobacteriota
1195,s__Pauljensenia sp000411415,p__Actinobacteriota
1196,s__UBA2882 sp002362385,p__Firmicutes_A
1197,s__Methanosphaera stadtmanae,other
1198,s__RUG013 sp001486445,p__Actinobacteriota
1199,s__Lactobacillus_B animalis,p__Firmicutes
1200,s__Robinsoniella peoriensis,p__Firmicutes_A
1201,s__Finegoldia magna,p__Firmicutes_A
1202,s__Acetomicrobium hydrogeniformans,other
1203,s__Pediococcus acidilactici,p__Firmicutes
1204,s__Weissella paramesenteroides,p__Firmicutes
1205,s__Yersinia bercovieri,p__Proteobacteria
1206,s__Collinsella provencensis,p__Actinobacteriota
1207,s__CAG-1427 sp000434775,p__Actinobacteriota
1208,s__RUG131 sp900315885,p__Firmicutes
1209,s__Atopobium minutum,p__Actinobacteriota
1210,s__Eikenella corrodens,p__Proteobacteria
1211,s__Olegusella massiliensis,p__Actinobacteriota
1212,s__Prevotella oralis,p__Bacteroidota
1213,s__Methanomethylophilus alvus,other
1214,s__DNF00809 sp001552935,p__Actinobacteriota
1215,s__Desulfovibrio desulfuricans,other
1216,s__Fannyhessea vaginae,p__Actinobacteriota
1217,s__Finegoldia magna_F,p__Firmicutes_A
1218,s__Clostridium_F botulinum_A,p__Firmicutes_A
1219,s__Campylobacter_D upsaliensis,other
1220,s__Anaerococcus sp900258475,p__Firmicutes_A
1221,s__Rubneribacter badeniensis,p__Actinobacteriota
1222,s__Varibaculum cambriense_A,p__Actinobacteriota
1223,s__Urmitella timonensis,p__Actinobacteriota
1224,s__Treponema_D berlinense,other
1225,s__Clostridium_U hiranonis,p__Firmicutes_A
1226,s__UBA1375 sp002305795,p__Firmicutes_A
1227,s__Porphyromonas sp001808555,p__Bacteroidota
1228,s__Sneathia sanguinegens,p__Fusobacteriota
1229,s__Muribaculum sp001701195,p__Bacteroidota
1230,s__Collinsella aerofaciens_A,p__Actinobacteriota
1231,s__Flavobacterium lindanitolerans,p__Bacteroidota
1232,s__Campylobacter fetus,other
1233,s__Stoquefichus massiliensis,p__Firmicutes
1234,s__Comamonas kerstersii,p__Proteobacteria
1235,s__Libanicoccus massiliensis,p__Actinobacteriota
1236,s__Cutibacterium avidum,p__Actinobacteriota
1237,s__Propionibacterium freudenreichii,p__Actinobacteriota
1238,s__CAG-826 sp000437235,p__Firmicutes
1239,s__Capnocytophaga ochracea,p__Bacteroidota
1240,s__Leminorella richardii,p__Proteobacteria
1241,s__Pseudomonas_E aeruginosa,p__Proteobacteria
1242,s__Enterococcus_B hirae,p__Firmicutes
1243,s__Hafnia paralvei,p__Proteobacteria
1244,s__Anaerococcus sp002359915,p__Firmicutes_A
1245,s__Clostridium_F tepidum,p__Firmicutes_A
1246,s__UBA9732 sp001940825,other
1247,s__Anaerococcus lactolyticus,p__Firmicutes_A
1248,s__Actinomyces viscosus,p__Actinobacteriota
1249,s__Gemella sp002871655,p__Firmicutes
1250,s__Neisseria_D elongata,p__Proteobacteria
1251,s__Actinomyces graevenitzii,p__Actinobacteriota
1252,s__Peptoniphilus_B sp000478985,p__Firmicutes_A
1253,s__Campylobacter_D jejuni,other
1254,s__Campylobacter_D coli,other
1255,s__Clostridium_J sp000821305,p__Firmicutes_A
1256,s__Helicobacter_C cinaedi,other
1257,s__Campylobacter hyointestinalis,other
1258,s__Peptoniphilus_A harei,p__Firmicutes_A
1259,s__Anaerococcus rubeinfantis,p__Firmicutes_A
1260,s__Ezakiella coagulans,p__Firmicutes_A
1261,s__Levyella massiliensis,p__Firmicutes_A
1262,s__Clostridium_P ventriculi,p__Firmicutes_A
1263,s__Corynebacterium striatum,p__Actinobacteriota
1264,s__Corynebacterium propinquum,p__Actinobacteriota
1265,s__Peptoniphilus_A grossensis_B,p__Firmicutes_A
1266,s__Corynebacterium kefirresidentii,p__Actinobacteriota
1267,s__Lagierella massiliensis,p__Firmicutes_A
1268,s__Anaerococcus octavius,p__Firmicutes_A
1269,s__Anaerococcus senegalensis,p__Firmicutes_A
1270,s__Varibaculum cambriense,p__Actinobacteriota
1271,s__Negativicoccus massiliensis,p__Firmicutes_C
1272,s__Anaeroglobus sp900240295,p__Firmicutes_C
1273,s__Bacillus_V massiliosenegalensis,p__Firmicutes
1274,s__Pantoea sp002920175,p__Proteobacteria
1275,s__Lactobacillus iners,p__Firmicutes
1276,s__Corynebacterium glucuronolyticum,p__Actinobacteriota
1277,s__Tessaracoccus massiliensis,p__Actinobacteriota
1278,s__Campylobacter_B hominis,other
1279,s__Anaerococcus prevotii_A,p__Firmicutes_A
1280,s__Vibrio vulnificus,p__Proteobacteria
1281,s__Vibrio parahaemolyticus,p__Proteobacteria
1282,s__Moellerella wisconsensis,p__Proteobacteria
1283,s__Helicobacter_B macacae,other
1284,s__Grimontia hollisae,p__Proteobacteria
1285,s__Acinetobacter fasciculus,p__Proteobacteria
1286,s__Acinetobacter sp002934695,p__Proteobacteria
1287,s__Acinetobacter ursingii,p__Proteobacteria
1288,s__Peptoniphilus_A sp900099555,p__Firmicutes_A
1289,s__UBA2903 sp002349565,p__Proteobacteria
1290,s__Cetobacterium_A somerae,p__Fusobacteriota
1291,s__Campylobacter_D coli_B,other
1292,s__Pseudomonas citronellolis,p__Proteobacteria
1293,s__CAG-977 sp000434295,p__Proteobacteria
1294,s__Enorma massiliensis_A,p__Actinobacteriota
1295,s__Zag111 sp002102825,p__Cyanobacteria
1296,s__Zag1 sp001765415,p__Cyanobacteria
1297,s__Dorea hylemonae,p__Firmicutes_A
1298,s__Brevibacterium senegalense,p__Actinobacteriota
1299,s__Providencia rettgeri_D,p__Proteobacteria
1300,s__Olsenella sp001457795,p__Actinobacteriota
1301,s__Romboutsia dakarense,p__Firmicutes_A
1302,s__Lactobacillus_B agilis,p__Firmicutes
1303,s__Sedimentibacter sp003457065,p__Firmicutes_A
1304,s__Lactococcus garvieae_B,p__Firmicutes
1305,s__Collinsella aerofaciens_E,p__Actinobacteriota
1306,s__Clostridium_P sp001403635,p__Firmicutes_A
1307,s__Dysgonomonas gadei,p__Bacteroidota
1308,s__Kocuria rhizophila_B,p__Actinobacteriota
1309,s__Clostridium_AA polynesiense,p__Firmicutes_A
1310,s__GCA-900066935 sp900066925,p__Firmicutes_A
1311,s__Desulfovibrio desulfuricans_A,other
1312,s__Corynebacterium afermentans,p__Actinobacteriota
1313,s__Pauljensenia bouchesdurhonensis,p__Actinobacteriota
1314,s__Clostridium_H massiliodielmoense,p__Firmicutes_A
1315,s__Terrisporobacter othiniensis,p__Firmicutes_A
1316,s__Thalassobacillus sp001368835,p__Firmicutes
1317,s__CAG-841 sp002479075,p__Firmicutes_A
1318,s__Proteus vulgaris_A,p__Proteobacteria
1319,s__Corynebacterium phoceense,p__Actinobacteriota
1320,s__Pseudomonas_B luteola,p__Proteobacteria
1321,s__Vibrio fluvialis,p__Proteobacteria
1322,s__Clostridium_P mediterraneense,p__Firmicutes_A
1323,s__Listeria monocytogenes,p__Firmicutes
1324,s__Mobilicoccus massiliensis,p__Actinobacteriota
1325,s__Pauljensenia polynesiensis,p__Actinobacteriota
1326,s__Veillonella_A magna,p__Firmicutes_C
1327,s__Acinetobacter radioresistens,p__Proteobacteria
1328,s__Acinetobacter sp000369785,p__Proteobacteria
1329,s__Acinetobacter pittii,p__Proteobacteria
1330,s__Acinetobacter baumannii,p__Proteobacteria
1331,s__Flaviflexus massiliensis,p__Actinobacteriota
1332,s__Yersinia mollaretii,p__Proteobacteria
1333,s__Pauljensenia radingae,p__Actinobacteriota
1334,s__Campylobacter_D coli_A,other
1335,s__Enterococcus_A sp002140655,p__Firmicutes
1336,s__Slackia exigua,p__Actinobacteriota
1337,s__Helicobacter_A rappini,other
1338,s__Helicobacter_F sp002287135,other
1339,s__Pediococcus pentosaceus,p__Firmicutes
1340,s__Parascardovia denticolens,p__Actinobacteriota
1341,s__Pseudomonas_E fragi_B,p__Proteobacteria
1342,s__Actinomyces sp900323545,p__Actinobacteriota
1343,s__Staphylococcus epidermidis,p__Firmicutes
1344,s__Pauljensenia sp000308055,p__Actinobacteriota
1345,s__Pauljensenia sp000758755,p__Actinobacteriota
1346,s__Serratia ureilytica,p__Proteobacteria
1347,s__Paenibacillus_A senegalimassiliensis,other
1348,s__Franconibacter helveticus,p__Proteobacteria
1349,s__Paenibacillus_F sp000411255,other
1350,s__GM2 sp900069005,other
1351,s__Leminorella grimontii,p__Proteobacteria
1352,s__Flavonifractor sp900199495,p__Firmicutes_A
1353,s__Mt11 sp001282665,p__Firmicutes_A
1354,s__Fermentimonas massiliensis,p__Bacteroidota
1355,s__Clostridium nigeriense,p__Firmicutes_A
1356,s__Yersinia massiliensis,p__Proteobacteria
1357,s__Pyramidobacter piscolens,other
1358,s__Proteus penneri,p__Proteobacteria
1359,s__Virgibacillus picturae,p__Firmicutes
1360,s__Bacillus_Q timonensis,p__Firmicutes
1361,s__Bacillus_BE massilionigeriensis,p__Firmicutes
1362,s__Bifidobacterium vaginale_F,p__Actinobacteriota
1363,s__Morganella morganii_A,p__Proteobacteria
1364,s__Morganella morganii_B,p__Proteobacteria
1365,s__Stenotrophomonas sp003028475,p__Proteobacteria
1366,s__Bacillus_BD tuaregi,p__Firmicutes
1367,s__Aeromonas veronii_A,p__Proteobacteria
1368,s__Bifidobacterium lacrimalis,p__Actinobacteriota
1369,s__Bifidobacterium vaginale,p__Actinobacteriota
1370,s__Pigmentiphaga sp002188635,p__Proteobacteria
1371,s__Staphylococcus argenteus,p__Firmicutes
1372,s__Staphylococcus aureus,p__Firmicutes
1373,s__Staphylococcus warneri,p__Firmicutes
1374,s__Staphylococcus haemolyticus_A,p__Firmicutes
